Serial_Number,Frame_Number,Total_Potholes,Total_Obstacles,Pothole_Details,Obstacle_Details
1,1,4,0,"Pothole:conf=0.8021,bbox=(964,522,1049,562),diameter=62.5px | Pothole:conf=0.7045,bbox=(233,616,721,695),diameter=283.5px | Pothole:conf=0.6002,bbox=(471,764,733,888),diameter=193.0px | Pothole:conf=0.3759,bbox=(838,923,1730,1214),diameter=591.5px",None
2,2,7,0,"Pothole:conf=0.8345,bbox=(967,533,1061,571),diameter=66.0px | Pothole:conf=0.7282,bbox=(195,632,713,731),diameter=308.5px | Pothole:conf=0.571,bbox=(410,834,761,997),diameter=257.0px | Pothole:conf=0.5663,bbox=(627,478,743,515),diameter=76.5px | Pothole:conf=0.5621,bbox=(1187,622,1306,652),diameter=74.5px | Pothole:conf=0.4158,bbox=(998,1136,1914,1227),diameter=503.5px | Pothole:conf=0.3047,bbox=(0,1123,787,1226),diameter=445.0px",None
3,3,6,0,"Pothole:conf=0.883,bbox=(355,902,688,1061),diameter=246.0px | Pothole:conf=0.8463,bbox=(969,545,1072,586),diameter=72.0px | Pothole:conf=0.7609,bbox=(1206,638,1330,672),diameter=79.0px | Pothole:conf=0.6404,bbox=(163,666,729,760),diameter=330.0px | Pothole:conf=0.3645,bbox=(621,482,733,524),diameter=77.0px | Pothole:conf=0.3456,bbox=(1155,1145,1913,1228),diameter=420.5px",None
4,4,7,0,"Pothole:conf=0.7773,bbox=(276,871,388,908),diameter=74.5px | Pothole:conf=0.7322,bbox=(972,555,1075,603),diameter=75.5px | Pothole:conf=0.6799,bbox=(1230,660,1360,696),diameter=83.0px | Pothole:conf=0.6386,bbox=(261,972,697,1162),diameter=313.0px | Pothole:conf=0.6318,bbox=(65,691,700,801),diameter=372.5px | Pothole:conf=0.4672,bbox=(150,833,234,891),diameter=71.0px | Pothole:conf=0.4322,bbox=(622,490,731,552),diameter=85.5px",None
5,5,7,0,"Pothole:conf=0.8023,bbox=(11,718,689,841),diameter=400.5px | Pothole:conf=0.7318,bbox=(1200,611,1386,644),diameter=109.5px | Pothole:conf=0.5773,bbox=(233,605,436,665),diameter=131.5px | Pothole:conf=0.5228,bbox=(449,524,678,588),diameter=146.5px | Pothole:conf=0.5057,bbox=(0,1041,605,1227),diameter=395.5px | Pothole:conf=0.4681,bbox=(214,920,348,965),diameter=89.5px | Pothole:conf=0.3479,bbox=(1160,1150,1912,1228),diameter=415.0px",None
6,6,9,0,"Pothole:conf=0.8801,bbox=(974,581,1093,629),diameter=83.5px | Pothole:conf=0.6701,bbox=(1274,712,1434,776),diameter=112.0px | Pothole:conf=0.5744,bbox=(590,502,743,546),diameter=98.5px | Pothole:conf=0.5308,bbox=(12,762,685,917),diameter=414.0px | Pothole:conf=0.4752,bbox=(97,1020,249,1068),diameter=100.0px | Pothole:conf=0.4685,bbox=(1109,425,1226,456),diameter=74.0px | Pothole:conf=0.4316,bbox=(1005,1141,1914,1227),diameter=497.5px | Pothole:conf=0.407,bbox=(305,1028,353,1057),diameter=38.5px | Pothole:conf=0.3159,bbox=(13,955,91,995),diameter=59.0px",None
7,7,6,0,"Pothole:conf=0.8369,bbox=(1227,646,1446,693),diameter=133.0px | Pothole:conf=0.5951,bbox=(8,788,662,968),diameter=417.0px | Pothole:conf=0.5907,bbox=(118,617,385,735),diameter=192.5px | Pothole:conf=0.5554,bbox=(408,536,652,632),diameter=170.0px | Pothole:conf=0.5018,bbox=(1217,958,1382,1033),diameter=120.0px | Pothole:conf=0.367,bbox=(1115,427,1229,455),diameter=71.0px",None
8,8,7,0,"Pothole:conf=0.9434,bbox=(1240,547,1605,619),diameter=218.5px | Pothole:conf=0.8027,bbox=(3,833,649,1037),diameter=425.0px | Pothole:conf=0.5885,bbox=(991,609,1110,665),diameter=87.5px | Pothole:conf=0.5128,bbox=(66,628,382,797),diameter=242.5px | Pothole:conf=0.5099,bbox=(1119,429,1243,458),diameter=76.5px | Pothole:conf=0.3828,bbox=(401,547,630,602),diameter=142.0px | Pothole:conf=0.3614,bbox=(1313,768,1511,845),diameter=137.5px",None
9,9,6,0,"Pothole:conf=0.9328,bbox=(1275,683,1520,732),diameter=147.0px | Pothole:conf=0.555,bbox=(5,647,334,782),diameter=232.0px | Pothole:conf=0.5536,bbox=(1123,429,1249,458),diameter=77.5px | Pothole:conf=0.5454,bbox=(512,514,741,573),diameter=144.0px | Pothole:conf=0.3693,bbox=(787,476,912,504),diameter=76.5px | Pothole:conf=0.3256,bbox=(1014,1136,1914,1227),diameter=495.5px",None
10,10,7,0,"Pothole:conf=0.7996,bbox=(1423,846,1651,938),diameter=160.0px | Pothole:conf=0.7191,bbox=(1008,643,1146,704),diameter=99.5px | Pothole:conf=0.6231,bbox=(466,477,538,509),diameter=52.0px | Pothole:conf=0.5202,bbox=(1008,1129,1914,1227),diameter=502.0px | Pothole:conf=0.4878,bbox=(1135,431,1262,462),diameter=79.0px | Pothole:conf=0.3992,bbox=(1,664,305,828),diameter=234.0px | Pothole:conf=0.3555,bbox=(1229,525,1679,648),diameter=286.5px",None
11,11,8,0,"Pothole:conf=0.7699,bbox=(1015,533,1112,579),diameter=71.5px | Pothole:conf=0.7628,bbox=(1285,705,1662,832),diameter=252.0px | Pothole:conf=0.5406,bbox=(1491,899,1786,1047),diameter=221.5px | Pothole:conf=0.5063,bbox=(0,692,234,871),diameter=206.5px | Pothole:conf=0.4481,bbox=(304,588,592,664),diameter=182.0px | Pothole:conf=0.4275,bbox=(509,539,678,586),diameter=108.0px | Pothole:conf=0.3678,bbox=(997,1137,1914,1227),diameter=503.5px | Pothole:conf=0.3382,bbox=(205,678,1509,1218),diameter=922.0px",None
12,12,9,0,"Pothole:conf=0.8333,bbox=(0,734,194,940),diameter=200.0px | Pothole:conf=0.8067,bbox=(1360,724,1735,876),diameter=263.5px | Pothole:conf=0.7863,bbox=(441,495,510,526),diameter=50.0px | Pothole:conf=0.7568,bbox=(1549,992,1861,1129),diameter=224.5px | Pothole:conf=0.6447,bbox=(267,602,592,695),diameter=209.0px | Pothole:conf=0.492,bbox=(1149,437,1292,477),diameter=91.5px | Pothole:conf=0.4265,bbox=(847,1134,1906,1227),diameter=576.0px | Pothole:conf=0.3959,bbox=(781,494,922,526),diameter=86.5px | Pothole:conf=0.3837,bbox=(214,857,330,915),diameter=87.0px",None
13,13,9,0,"Pothole:conf=0.897,bbox=(1435,840,1834,948),diameter=253.5px | Pothole:conf=0.7677,bbox=(1319,567,1841,733),diameter=344.0px | Pothole:conf=0.5962,bbox=(1158,444,1306,481),diameter=92.5px | Pothole:conf=0.5159,bbox=(547,504,650,542),diameter=70.5px | Pothole:conf=0.5048,bbox=(0,838,92,977),diameter=115.5px | Pothole:conf=0.4926,bbox=(208,632,584,733),diameter=238.5px | Pothole:conf=0.4815,bbox=(415,566,519,608),diameter=73.0px | Pothole:conf=0.4758,bbox=(108,955,241,1023),diameter=100.5px | Pothole:conf=0.4072,bbox=(770,500,926,545),diameter=100.5px",None
14,14,7,0,"Pothole:conf=0.8374,bbox=(1353,624,1902,775),diameter=350.0px | Pothole:conf=0.7826,bbox=(405,519,483,556),diameter=57.5px | Pothole:conf=0.6558,bbox=(1170,449,1328,490),diameter=99.5px | Pothole:conf=0.6507,bbox=(1490,887,1902,1062),diameter=293.5px | Pothole:conf=0.6181,bbox=(767,522,934,573),diameter=109.0px | Pothole:conf=0.6053,bbox=(155,657,545,765),diameter=249.0px | Pothole:conf=0.3852,bbox=(1052,776,1301,906),diameter=189.5px",None
15,15,9,0,"Pothole:conf=0.7417,bbox=(1382,649,1914,817),diameter=350.0px | Pothole:conf=0.7256,bbox=(388,527,466,570),diameter=60.5px | Pothole:conf=0.7251,bbox=(1040,574,1124,621),diameter=65.5px | Pothole:conf=0.7014,bbox=(1108,858,1342,952),diameter=164.0px | Pothole:conf=0.617,bbox=(657,479,772,517),diameter=76.5px | Pothole:conf=0.6053,bbox=(101,695,539,813),diameter=278.0px | Pothole:conf=0.5627,bbox=(1591,965,1912,1166),diameter=261.0px | Pothole:conf=0.3914,bbox=(0,582,112,658),diameter=94.0px | Pothole:conf=0.3485,bbox=(1172,453,1337,499),diameter=105.5px",None
16,16,8,0,"Pothole:conf=0.8729,bbox=(1444,666,1913,850),diameter=326.5px | Pothole:conf=0.7817,bbox=(48,726,542,852),diameter=310.0px | Pothole:conf=0.7338,bbox=(340,620,691,695),diameter=213.0px | Pothole:conf=0.59,bbox=(1111,889,1398,1039),diameter=218.5px | Pothole:conf=0.5236,bbox=(765,544,940,584),diameter=107.5px | Pothole:conf=0.4461,bbox=(0,590,85,658),diameter=76.5px | Pothole:conf=0.3771,bbox=(1186,458,1356,503),diameter=107.5px | Pothole:conf=0.3252,bbox=(1018,571,1287,691),diameter=194.5px",None
17,17,9,0,"Pothole:conf=0.7239,bbox=(1458,694,1913,894),diameter=327.5px | Pothole:conf=0.7174,bbox=(297,638,659,725),diameter=224.5px | Pothole:conf=0.7002,bbox=(1099,657,1221,700),diameter=82.5px | Pothole:conf=0.6851,bbox=(756,563,950,615),diameter=123.0px | Pothole:conf=0.6507,bbox=(1164,975,1476,1152),diameter=244.5px | Pothole:conf=0.5466,bbox=(24,765,463,907),diameter=290.5px | Pothole:conf=0.4729,bbox=(71,1030,303,1081),diameter=141.5px | Pothole:conf=0.4005,bbox=(1194,464,1371,512),diameter=112.5px | Pothole:conf=0.3418,bbox=(1776,982,1907,1027),diameter=88.0px",None
18,18,6,0,"Pothole:conf=0.8882,bbox=(1510,722,1912,930),diameter=305.0px | Pothole:conf=0.7631,bbox=(3,886,444,1016),diameter=285.5px | Pothole:conf=0.6327,bbox=(626,491,789,546),diameter=109.0px | Pothole:conf=0.632,bbox=(246,686,619,778),diameter=232.5px | Pothole:conf=0.4254,bbox=(1191,469,1392,523),diameter=127.5px | Pothole:conf=0.3681,bbox=(1105,699,1277,755),diameter=114.0px",None
19,19,9,0,"Pothole:conf=0.8295,bbox=(1562,746,1914,959),diameter=282.5px | Pothole:conf=0.7962,bbox=(204,707,614,816),diameter=259.5px | Pothole:conf=0.7906,bbox=(1090,659,1202,708),diameter=80.5px | Pothole:conf=0.6033,bbox=(1219,473,1413,527),diameter=124.0px | Pothole:conf=0.5521,bbox=(613,499,742,547),diameter=88.5px | Pothole:conf=0.5227,bbox=(1,943,392,1092),diameter=270.0px | Pothole:conf=0.4237,bbox=(191,534,345,571),diameter=95.5px | Pothole:conf=0.3694,bbox=(742,587,984,661),diameter=158.0px | Pothole:conf=0.3287,bbox=(1227,959,1300,1001),diameter=57.5px",None
20,20,8,0,"Pothole:conf=0.837,bbox=(117,729,600,877),diameter=315.5px | Pothole:conf=0.804,bbox=(0,968,112,1043),diameter=93.5px | Pothole:conf=0.7158,bbox=(1180,742,1346,834),diameter=129.0px | Pothole:conf=0.6874,bbox=(1660,770,1914,996),diameter=240.0px | Pothole:conf=0.5709,bbox=(739,618,990,686),diameter=159.5px | Pothole:conf=0.4793,bbox=(1224,480,1441,540),diameter=138.5px | Pothole:conf=0.343,bbox=(422,611,570,663),diameter=100.0px | Pothole:conf=0.3307,bbox=(630,1143,1676,1227),diameter=565.0px",None
21,21,8,0,"Pothole:conf=0.7013,bbox=(1223,791,1392,872),diameter=125.0px | Pothole:conf=0.6961,bbox=(595,521,774,590),diameter=124.0px | Pothole:conf=0.6491,bbox=(737,636,1002,706),diameter=167.5px | Pothole:conf=0.5446,bbox=(1236,485,1458,550),diameter=143.5px | Pothole:conf=0.5385,bbox=(1653,706,1912,786),diameter=169.5px | Pothole:conf=0.4781,bbox=(68,786,568,938),diameter=326.0px | Pothole:conf=0.3949,bbox=(218,649,408,694),diameter=117.5px | Pothole:conf=0.3773,bbox=(128,551,301,601),diameter=111.5px",None
22,22,10,0,"Pothole:conf=0.7278,bbox=(742,666,1033,743),diameter=184.0px | Pothole:conf=0.6764,bbox=(1177,748,1383,837),diameter=147.5px | Pothole:conf=0.5826,bbox=(1254,491,1496,558),diameter=154.5px | Pothole:conf=0.5795,bbox=(6,850,522,1016),diameter=341.0px | Pothole:conf=0.5656,bbox=(89,566,288,618),diameter=125.5px | Pothole:conf=0.5413,bbox=(1741,735,1913,836),diameter=136.5px | Pothole:conf=0.5111,bbox=(172,640,553,742),diameter=241.5px | Pothole:conf=0.4966,bbox=(672,468,822,505),diameter=93.5px | Pothole:conf=0.3977,bbox=(549,1142,1634,1227),diameter=585.0px | Pothole:conf=0.331,bbox=(1551,974,1839,1171),diameter=242.5px",None
23,23,8,0,"Pothole:conf=0.7143,bbox=(1332,907,1549,1027),diameter=168.5px | Pothole:conf=0.6313,bbox=(5,934,491,1100),diameter=326.0px | Pothole:conf=0.5922,bbox=(737,692,1053,785),diameter=204.5px | Pothole:conf=0.5208,bbox=(1270,499,1530,570),diameter=165.5px | Pothole:conf=0.5046,bbox=(669,472,815,508),diameter=91.0px | Pothole:conf=0.5028,bbox=(142,671,535,786),diameter=254.0px | Pothole:conf=0.4254,bbox=(721,1138,1726,1227),diameter=547.0px | Pothole:conf=0.3814,bbox=(1807,779,1913,855),diameter=91.0px",None
24,24,7,0,"Pothole:conf=0.7505,bbox=(60,708,498,870),diameter=300.0px | Pothole:conf=0.6596,bbox=(670,480,822,525),diameter=98.5px | Pothole:conf=0.6427,bbox=(730,729,1069,833),diameter=221.5px | Pothole:conf=0.5804,bbox=(1428,996,1665,1163),diameter=202.0px | Pothole:conf=0.5667,bbox=(1290,507,1576,591),diameter=185.0px | Pothole:conf=0.4388,bbox=(6,595,232,662),diameter=146.5px | Pothole:conf=0.4206,bbox=(1266,736,1521,815),diameter=167.0px",None
25,25,7,0,"Pothole:conf=0.7097,bbox=(664,487,802,528),diameter=89.5px | Pothole:conf=0.7035,bbox=(1320,925,1504,1000),diameter=129.5px | Pothole:conf=0.6915,bbox=(1303,511,1589,595),diameter=185.0px | Pothole:conf=0.5323,bbox=(709,710,1082,872),diameter=267.5px | Pothole:conf=0.4873,bbox=(9,719,482,848),diameter=301.0px | Pothole:conf=0.4358,bbox=(896,530,993,574),diameter=70.5px | Pothole:conf=0.307,bbox=(753,1145,1804,1227),diameter=566.5px",None
26,26,7,0,"Pothole:conf=0.7965,bbox=(1312,525,1635,616),diameter=207.0px | Pothole:conf=0.795,bbox=(2,802,406,943),diameter=272.5px | Pothole:conf=0.6643,bbox=(666,795,1103,952),diameter=297.0px | Pothole:conf=0.6009,bbox=(1376,1004,1613,1137),diameter=185.0px | Pothole:conf=0.521,bbox=(0,645,134,728),diameter=108.5px | Pothole:conf=0.4102,bbox=(606,458,922,547),diameter=202.5px | Pothole:conf=0.3094,bbox=(525,643,774,700),diameter=153.0px",None
27,27,8,0,"Pothole:conf=0.8632,bbox=(647,501,817,547),diameter=108.0px | Pothole:conf=0.737,bbox=(1329,531,1666,631),diameter=218.5px | Pothole:conf=0.6652,bbox=(0,856,362,976),diameter=241.0px | Pothole:conf=0.6357,bbox=(641,868,1120,1024),diameter=317.5px | Pothole:conf=0.602,bbox=(0,658,98,748),diameter=94.0px | Pothole:conf=0.5383,bbox=(491,590,727,664),diameter=155.0px | Pothole:conf=0.3787,bbox=(1248,702,1335,743),diameter=64.0px | Pothole:conf=0.3026,bbox=(739,1134,1847,1227),diameter=600.5px",None
28,28,6,0,"Pothole:conf=0.7101,bbox=(618,516,829,568),diameter=131.5px | Pothole:conf=0.6661,bbox=(643,985,1148,1115),diameter=317.5px | Pothole:conf=0.654,bbox=(1288,740,1377,777),diameter=63.0px | Pothole:conf=0.6278,bbox=(461,709,746,786),diameter=181.0px | Pothole:conf=0.6002,bbox=(918,577,1002,617),diameter=62.0px | Pothole:conf=0.5349,bbox=(5,936,293,1058),diameter=205.0px",None
29,29,5,0,"Pothole:conf=0.8098,bbox=(1216,888,1505,1099),diameter=250.0px | Pothole:conf=0.7714,bbox=(611,519,821,566),diameter=128.5px | Pothole:conf=0.5809,bbox=(1040,679,1168,714),diameter=81.5px | Pothole:conf=0.4895,bbox=(386,676,744,836),diameter=259.0px | Pothole:conf=0.4532,bbox=(0,999,214,1120),diameter=167.5px",None
30,30,5,0,"Pothole:conf=0.6475,bbox=(600,528,817,591),diameter=140.0px | Pothole:conf=0.5564,bbox=(1361,811,1475,860),diameter=81.5px | Pothole:conf=0.4204,bbox=(1709,913,1885,1001),diameter=132.0px | Pothole:conf=0.3763,bbox=(367,722,748,875),diameter=267.0px | Pothole:conf=0.352,bbox=(1056,704,1207,741),diameter=94.0px",None
31,31,6,0,"Pothole:conf=0.8196,bbox=(1456,896,1588,962),diameter=99.0px | Pothole:conf=0.7994,bbox=(603,543,815,615),diameter=142.0px | Pothole:conf=0.5765,bbox=(398,721,573,800),diameter=127.0px | Pothole:conf=0.4873,bbox=(1427,556,1877,733),diameter=313.5px | Pothole:conf=0.4029,bbox=(1034,1128,1914,1227),diameter=489.5px | Pothole:conf=0.3506,bbox=(924,636,1046,687),diameter=86.5px",None
32,32,8,0,"Pothole:conf=0.7529,bbox=(589,557,810,620),diameter=142.0px | Pothole:conf=0.7055,bbox=(1439,558,1911,766),diameter=340.0px | Pothole:conf=0.6097,bbox=(306,708,633,865),diameter=242.0px | Pothole:conf=0.5008,bbox=(1019,1134,1914,1227),diameter=494.0px | Pothole:conf=0.3515,bbox=(1081,810,1301,875),diameter=142.5px | Pothole:conf=0.3493,bbox=(935,664,1059,714),diameter=87.0px | Pothole:conf=0.3376,bbox=(1085,457,1230,496),diameter=92.0px | Pothole:conf=0.3139,bbox=(1,1111,770,1226),diameter=442.0px",None
33,33,7,0,"Pothole:conf=0.6791,bbox=(248,752,619,926),diameter=272.5px | Pothole:conf=0.518,bbox=(574,571,795,634),diameter=142.0px | Pothole:conf=0.5108,bbox=(1462,573,1914,800),diameter=339.5px | Pothole:conf=0.4896,bbox=(1108,857,1347,925),diameter=153.5px | Pothole:conf=0.4365,bbox=(1082,1133,1913,1228),diameter=463.0px | Pothole:conf=0.3934,bbox=(1087,461,1241,506),diameter=99.5px | Pothole:conf=0.3169,bbox=(570,405,808,483),diameter=158.0px",None
34,34,7,0,"Pothole:conf=0.7452,bbox=(720,515,921,569),diameter=127.5px | Pothole:conf=0.7444,bbox=(134,820,484,1038),diameter=284.0px | Pothole:conf=0.5769,bbox=(542,593,787,667),diameter=159.5px | Pothole:conf=0.5419,bbox=(1012,1132,1914,1227),diameter=498.5px | Pothole:conf=0.4701,bbox=(942,732,1091,793),diameter=105.0px | Pothole:conf=0.392,bbox=(1505,602,1913,819),diameter=312.5px | Pothole:conf=0.3902,bbox=(1097,473,1255,515),diameter=100.0px",None
35,35,6,0,"Pothole:conf=0.7805,bbox=(541,608,786,695),diameter=166.0px | Pothole:conf=0.7583,bbox=(1556,617,1914,824),diameter=282.5px | Pothole:conf=0.6366,bbox=(109,916,584,1089),diameter=324.0px | Pothole:conf=0.4592,bbox=(947,758,1097,813),diameter=102.5px | Pothole:conf=0.432,bbox=(1093,478,1230,528),diameter=93.5px | Pothole:conf=0.3289,bbox=(921,1134,1913,1228),diameter=543.0px",None
36,36,8,0,"Pothole:conf=0.69,bbox=(515,628,788,723),diameter=184.0px | Pothole:conf=0.6871,bbox=(697,538,926,600),diameter=145.5px | Pothole:conf=0.5599,bbox=(769,729,1002,782),diameter=143.0px | Pothole:conf=0.4832,bbox=(540,426,817,525),diameter=188.0px | Pothole:conf=0.4351,bbox=(0,530,83,612),diameter=82.5px | Pothole:conf=0.3645,bbox=(1104,482,1267,543),diameter=112.0px | Pothole:conf=0.3312,bbox=(1612,634,1912,845),diameter=255.5px | Pothole:conf=0.3047,bbox=(932,1124,1912,1228),diameter=542.0px",None
37,37,5,0,"Pothole:conf=0.7976,bbox=(553,474,703,539),diameter=107.5px | Pothole:conf=0.6387,bbox=(463,621,809,773),diameter=249.0px | Pothole:conf=0.6269,bbox=(680,550,931,619),diameter=160.0px | Pothole:conf=0.3692,bbox=(1671,649,1912,813),diameter=202.5px | Pothole:conf=0.3048,bbox=(989,1130,1914,1227),diameter=511.0px",None
38,38,6,0,"Pothole:conf=0.7272,bbox=(411,668,809,824),diameter=277.0px | Pothole:conf=0.6972,bbox=(688,570,958,651),diameter=175.5px | Pothole:conf=0.5988,bbox=(1796,713,1913,816),diameter=110.0px | Pothole:conf=0.4695,bbox=(1033,1133,1914,1227),diameter=487.5px | Pothole:conf=0.4267,bbox=(1125,497,1331,577),diameter=143.0px | Pothole:conf=0.4226,bbox=(776,825,1060,900),diameter=179.5px",None
39,39,7,0,"Pothole:conf=0.7053,bbox=(397,716,806,859),diameter=276.0px | Pothole:conf=0.6491,bbox=(1138,524,1279,576),diameter=96.5px | Pothole:conf=0.5008,bbox=(703,599,964,671),diameter=166.5px | Pothole:conf=0.4463,bbox=(988,1133,1914,1227),diameter=510.0px | Pothole:conf=0.4435,bbox=(1880,758,1913,810),diameter=42.5px | Pothole:conf=0.4179,bbox=(752,857,1119,997),diameter=253.5px | Pothole:conf=0.3636,bbox=(472,460,831,577),diameter=238.0px",None
40,40,6,0,"Pothole:conf=0.7779,bbox=(364,775,813,921),diameter=297.5px | Pothole:conf=0.6536,bbox=(1148,534,1306,595),diameter=109.5px | Pothole:conf=0.5355,bbox=(652,563,998,713),diameter=248.0px | Pothole:conf=0.4065,bbox=(742,952,1168,1090),diameter=282.0px | Pothole:conf=0.376,bbox=(990,418,1180,456),diameter=114.0px | Pothole:conf=0.3658,bbox=(1018,1135,1914,1227),diameter=494.0px",None
41,41,5,0,"Pothole:conf=0.8058,bbox=(661,628,978,740),diameter=214.5px | Pothole:conf=0.6626,bbox=(299,838,813,1019),diameter=347.5px | Pothole:conf=0.4798,bbox=(993,423,1194,459),diameter=118.5px | Pothole:conf=0.3895,bbox=(1031,1136,1914,1227),diameter=487.0px | Pothole:conf=0.371,bbox=(1206,519,1396,552),diameter=111.5px",None
42,42,6,0,"Pothole:conf=0.7432,bbox=(629,627,1025,766),diameter=267.5px | Pothole:conf=0.5844,bbox=(991,424,1199,461),diameter=122.5px | Pothole:conf=0.4799,bbox=(1232,524,1411,555),diameter=105.0px | Pothole:conf=0.4703,bbox=(965,1140,1905,1227),diameter=513.5px | Pothole:conf=0.4542,bbox=(251,929,809,1079),diameter=354.0px | Pothole:conf=0.4108,bbox=(0,1090,831,1227),diameter=484.0px",None
43,43,6,0,"Pothole:conf=0.8046,bbox=(994,428,1213,469),diameter=130.0px | Pothole:conf=0.7987,bbox=(468,544,654,619),diameter=130.5px | Pothole:conf=0.7227,bbox=(687,706,986,808),diameter=200.5px | Pothole:conf=0.6158,bbox=(1221,575,1385,622),diameter=105.5px | Pothole:conf=0.3827,bbox=(204,832,401,915),diameter=140.0px | Pothole:conf=0.3517,bbox=(1012,1130,1914,1227),diameter=499.5px",None
44,44,6,0,"Pothole:conf=0.7889,bbox=(680,763,1010,868),diameter=217.5px | Pothole:conf=0.7866,bbox=(444,557,649,655),diameter=151.5px | Pothole:conf=0.721,bbox=(1001,431,1226,474),diameter=134.0px | Pothole:conf=0.504,bbox=(119,905,354,1017),diameter=173.5px | Pothole:conf=0.3926,bbox=(1591,645,1782,704),diameter=125.0px | Pothole:conf=0.3715,bbox=(936,1131,1909,1228),diameter=535.0px",None
45,45,6,0,"Pothole:conf=0.7601,bbox=(1010,433,1235,475),diameter=133.5px | Pothole:conf=0.6902,bbox=(1278,610,1467,660),diameter=119.5px | Pothole:conf=0.6464,bbox=(656,795,1033,925),diameter=253.5px | Pothole:conf=0.5094,bbox=(1646,669,1848,729),diameter=131.0px | Pothole:conf=0.4495,bbox=(1129,964,1311,1078),diameter=148.0px | Pothole:conf=0.3226,bbox=(393,533,840,726),diameter=320.0px",None
46,46,6,0,"Pothole:conf=0.6604,bbox=(1319,632,1516,680),diameter=122.5px | Pothole:conf=0.5105,bbox=(1010,434,1252,480),diameter=144.0px | Pothole:conf=0.4895,bbox=(1721,704,1913,775),diameter=131.5px | Pothole:conf=0.489,bbox=(625,851,1075,1020),diameter=309.5px | Pothole:conf=0.4791,bbox=(676,451,855,482),diameter=105.0px | Pothole:conf=0.3666,bbox=(984,1139,1914,1227),diameter=509.0px",None
47,47,7,0,"Pothole:conf=0.8413,bbox=(548,715,838,810),diameter=192.5px | Pothole:conf=0.8031,bbox=(613,917,1140,1104),diameter=357.0px | Pothole:conf=0.5401,bbox=(327,566,642,700),diameter=224.5px | Pothole:conf=0.5362,bbox=(1812,737,1913,795),diameter=79.5px | Pothole:conf=0.4892,bbox=(724,447,867,479),diameter=87.5px | Pothole:conf=0.4272,bbox=(1014,436,1260,490),diameter=150.0px | Pothole:conf=0.3036,bbox=(992,1139,1914,1227),diameter=505.0px",None
48,48,7,0,"Pothole:conf=0.6622,bbox=(738,453,865,481),diameter=77.5px | Pothole:conf=0.6299,bbox=(1397,675,1631,737),diameter=148.0px | Pothole:conf=0.5247,bbox=(497,763,844,872),diameter=228.0px | Pothole:conf=0.5079,bbox=(960,736,1074,782),diameter=80.0px | Pothole:conf=0.3829,bbox=(1026,441,1273,489),diameter=147.5px | Pothole:conf=0.3666,bbox=(289,600,623,742),diameter=238.0px | Pothole:conf=0.301,bbox=(1183,1153,1913,1228),diameter=402.5px",None
49,49,6,0,"Pothole:conf=0.7527,bbox=(742,455,873,489),diameter=82.5px | Pothole:conf=0.6974,bbox=(261,619,582,768),diameter=235.0px | Pothole:conf=0.6689,bbox=(1430,697,1696,773),diameter=171.0px | Pothole:conf=0.5846,bbox=(460,785,856,923),diameter=267.0px | Pothole:conf=0.5052,bbox=(974,772,1095,820),diameter=84.5px | Pothole:conf=0.3899,bbox=(1032,446,1289,493),diameter=152.0px",None
50,50,7,0,"Pothole:conf=0.7398,bbox=(1499,730,1775,810),diameter=178.0px | Pothole:conf=0.5544,bbox=(428,854,853,1006),diameter=288.5px | Pothole:conf=0.4947,bbox=(991,823,1130,879),diameter=97.5px | Pothole:conf=0.4422,bbox=(1036,450,1299,494),diameter=153.5px | Pothole:conf=0.4101,bbox=(229,649,555,803),diameter=240.0px | Pothole:conf=0.3906,bbox=(333,1138,1249,1227),diameter=502.5px | Pothole:conf=0.3344,bbox=(1289,1147,1912,1228),diameter=352.0px",None
51,51,5,0,"Pothole:conf=0.832,bbox=(182,719,526,872),diameter=248.5px | Pothole:conf=0.7508,bbox=(350,984,883,1140),diameter=344.5px | Pothole:conf=0.671,bbox=(1034,916,1192,970),diameter=106.0px | Pothole:conf=0.6118,bbox=(1568,777,1909,883),diameter=223.5px | Pothole:conf=0.4893,bbox=(1034,455,1326,510),diameter=173.5px",None
52,52,4,0,"Pothole:conf=0.7242,bbox=(138,767,492,950),diameter=268.5px | Pothole:conf=0.4699,bbox=(1578,640,1913,797),diameter=246.0px | Pothole:conf=0.4042,bbox=(961,1128,1909,1228),diameter=524.0px | Pothole:conf=0.3179,bbox=(646,429,958,526),diameter=204.5px",None
53,53,5,0,"Pothole:conf=0.9326,bbox=(69,813,459,1035),diameter=306.0px | Pothole:conf=0.345,bbox=(1060,458,1354,521),diameter=178.5px | Pothole:conf=0.3142,bbox=(639,429,952,530),diameter=207.0px | Pothole:conf=0.3102,bbox=(1787,875,1914,996),diameter=124.0px | Pothole:conf=0.3072,bbox=(761,1128,1882,1227),diameter=610.0px",None
54,54,4,0,"Pothole:conf=0.7888,bbox=(0,897,400,1112),diameter=307.5px | Pothole:conf=0.6652,bbox=(1765,733,1913,870),diameter=142.5px | Pothole:conf=0.5631,bbox=(1074,461,1373,518),diameter=178.0px | Pothole:conf=0.3318,bbox=(635,435,952,548),diameter=215.0px",None
55,55,1,0,"Pothole:conf=0.4871,bbox=(1085,468,1392,523),diameter=181.0px",None
56,56,2,0,"Pothole:conf=0.5905,bbox=(619,463,983,573),diameter=237.0px | Pothole:conf=0.5053,bbox=(1091,471,1420,554),diameter=206.0px",None
57,57,3,0,"Pothole:conf=0.426,bbox=(615,465,999,588),diameter=253.5px | Pothole:conf=0.377,bbox=(1101,477,1429,536),diameter=193.5px | Pothole:conf=0.3531,bbox=(1086,669,1299,732),diameter=138.0px",None
58,58,0,0,None,None
59,59,2,0,"Pothole:conf=0.4881,bbox=(1133,486,1481,549),diameter=205.5px | Pothole:conf=0.3154,bbox=(1150,1132,1913,1228),diameter=429.5px",None
60,60,3,0,"Pothole:conf=0.8693,bbox=(694,529,962,610),diameter=174.5px | Pothole:conf=0.6342,bbox=(1148,498,1533,561),diameter=224.0px | Pothole:conf=0.3034,bbox=(1146,1136,1914,1228),diameter=430.0px",None
61,61,3,0,"Pothole:conf=0.8113,bbox=(695,544,969,612),diameter=171.0px | Pothole:conf=0.6833,bbox=(492,620,741,704),diameter=166.5px | Pothole:conf=0.5058,bbox=(1174,503,1542,568),diameter=216.5px",None
62,62,5,0,"Pothole:conf=0.584,bbox=(449,650,755,744),diameter=200.0px | Pothole:conf=0.5603,bbox=(698,547,977,641),diameter=186.5px | Pothole:conf=0.4753,bbox=(1188,502,1651,598),diameter=279.5px | Pothole:conf=0.4355,bbox=(998,1144,1914,1227),diameter=499.5px | Pothole:conf=0.3153,bbox=(1113,664,1255,703),diameter=90.5px",None
63,63,3,0,"Pothole:conf=0.7395,bbox=(696,567,1006,670),diameter=206.5px | Pothole:conf=0.728,bbox=(1212,513,1700,607),diameter=291.0px | Pothole:conf=0.4977,bbox=(523,679,755,781),diameter=167.0px",None
64,64,2,0,"Pothole:conf=0.7066,bbox=(473,728,736,840),diameter=187.5px | Pothole:conf=0.528,bbox=(700,598,1016,695),diameter=206.5px",None
65,65,3,0,"Pothole:conf=0.7902,bbox=(688,627,1044,738),diameter=233.5px | Pothole:conf=0.7234,bbox=(459,790,693,903),diameter=173.5px | Pothole:conf=0.5945,bbox=(1259,807,1390,850),diameter=87.0px",None
66,66,4,0,"Pothole:conf=0.7393,bbox=(404,899,667,1036),diameter=200.0px | Pothole:conf=0.597,bbox=(1254,532,1880,671),diameter=382.5px | Pothole:conf=0.5871,bbox=(649,646,1076,793),diameter=287.0px | Pothole:conf=0.5213,bbox=(1355,910,1517,960),diameter=106.0px",None
67,67,2,0,"Pothole:conf=0.6253,bbox=(672,714,1101,844),diameter=279.5px | Pothole:conf=0.6016,bbox=(1315,546,1903,702),diameter=372.0px",None
68,68,2,0,"Pothole:conf=0.6035,bbox=(685,806,1283,930),diameter=361.0px | Pothole:conf=0.4615,bbox=(1334,569,1908,751),diameter=378.0px",None
69,69,3,1,"Pothole:conf=0.7362,bbox=(1390,593,1913,776),diameter=353.0px | Pothole:conf=0.4021,bbox=(922,1132,1911,1228),diameter=542.5px | Pothole:conf=0.4021,bbox=(659,836,1431,1040),diameter=488.0px","person:conf=0.3031,bbox=(1849,1189,1865,1220),motion=N/A"
70,70,3,0,"Pothole:conf=0.7579,bbox=(1427,612,1912,828),diameter=350.5px | Pothole:conf=0.509,bbox=(1236,809,1379,853),diameter=93.5px | Pothole:conf=0.4515,bbox=(743,444,815,473),diameter=50.5px",None
71,71,3,0,"Pothole:conf=0.6832,bbox=(1493,643,1912,869),diameter=322.5px | Pothole:conf=0.4973,bbox=(747,451,816,482),diameter=50.0px | Pothole:conf=0.3261,bbox=(1041,424,1212,464),diameter=105.5px",None
72,72,3,0,"Pothole:conf=0.8002,bbox=(1561,671,1914,915),diameter=298.5px | Pothole:conf=0.5829,bbox=(1379,961,1568,1033),diameter=130.5px | Pothole:conf=0.4108,bbox=(728,451,818,485),diameter=62.0px",None
73,73,2,0,"Pothole:conf=0.5613,bbox=(1637,700,1913,957),diameter=266.5px | Pothole:conf=0.4773,bbox=(736,463,818,496),diameter=57.5px",None
74,74,2,0,"Pothole:conf=0.698,bbox=(732,472,822,511),diameter=64.5px | Pothole:conf=0.6028,bbox=(1783,765,1914,974),diameter=170.0px",None
75,75,2,0,"Pothole:conf=0.8689,bbox=(723,477,824,524),diameter=74.0px | Pothole:conf=0.593,bbox=(1142,901,1487,1122),diameter=283.0px",None
76,76,2,0,"Pothole:conf=0.5708,bbox=(726,488,825,539),diameter=75.0px | Pothole:conf=0.4459,bbox=(480,472,600,507),diameter=77.5px",None
77,77,2,0,"Pothole:conf=0.7899,bbox=(460,472,616,525),diameter=104.5px | Pothole:conf=0.5441,bbox=(717,500,821,551),diameter=77.5px",None
78,78,2,0,"Pothole:conf=0.395,bbox=(445,486,577,534),diameter=90.0px | Pothole:conf=0.3125,bbox=(710,511,820,564),diameter=81.5px",None
79,79,4,0,"Pothole:conf=0.5181,bbox=(704,526,815,568),diameter=76.5px | Pothole:conf=0.4987,bbox=(1109,453,1448,542),diameter=214.0px | Pothole:conf=0.4143,bbox=(423,493,582,550),diameter=108.0px | Pothole:conf=0.4119,bbox=(1068,1136,1914,1228),diameter=469.0px",None
80,80,3,0,"Pothole:conf=0.6849,bbox=(705,549,810,583),diameter=69.5px | Pothole:conf=0.6402,bbox=(391,501,581,567),diameter=128.0px | Pothole:conf=0.4599,bbox=(1116,463,1474,542),diameter=218.5px",None
81,81,2,1,"Pothole:conf=0.7962,bbox=(689,560,812,607),diameter=85.0px | Pothole:conf=0.3047,bbox=(1019,1128,1914,1227),diameter=497.0px","truck:conf=0.3112,bbox=(364,481,581,586),motion=Unknown"
82,82,4,0,"Pothole:conf=0.5947,bbox=(1126,482,1559,569),diameter=260.0px | Pothole:conf=0.5797,bbox=(659,579,806,634),diameter=101.0px | Pothole:conf=0.5477,bbox=(335,525,556,610),diameter=153.0px | Pothole:conf=0.3087,bbox=(1236,1143,1914,1228),diameter=381.5px",None
83,83,3,0,"Pothole:conf=0.833,bbox=(670,608,814,666),diameter=101.0px | Pothole:conf=0.6956,bbox=(314,542,518,638),diameter=150.0px | Pothole:conf=0.5873,bbox=(1122,490,1589,593),diameter=285.0px",None
84,84,4,0,"Pothole:conf=0.8304,bbox=(292,552,518,647),diameter=160.5px | Pothole:conf=0.7412,bbox=(1160,491,1627,609),diameter=292.5px | Pothole:conf=0.7403,bbox=(571,500,799,548),diameter=138.0px | Pothole:conf=0.6177,bbox=(1045,1124,1914,1227),diameter=486.0px",None
85,85,5,0,"Pothole:conf=0.7242,bbox=(234,579,542,689),diameter=209.0px | Pothole:conf=0.7136,bbox=(540,523,767,576),diameter=140.0px | Pothole:conf=0.6951,bbox=(649,685,800,736),diameter=101.0px | Pothole:conf=0.4865,bbox=(1089,1134,1914,1228),diameter=459.5px | Pothole:conf=0.3212,bbox=(1115,507,1689,637),diameter=352.0px",None
86,86,5,0,"Pothole:conf=0.86,bbox=(516,540,745,596),diameter=142.5px | Pothole:conf=0.769,bbox=(186,621,422,695),diameter=155.0px | Pothole:conf=0.7218,bbox=(623,731,802,787),diameter=117.5px | Pothole:conf=0.4966,bbox=(1080,1134,1914,1228),diameter=464.0px | Pothole:conf=0.4718,bbox=(0,806,138,916),diameter=124.0px",None
87,87,4,0,"Pothole:conf=0.7033,bbox=(128,628,487,750),diameter=240.5px | Pothole:conf=0.6671,bbox=(557,764,800,849),diameter=164.0px | Pothole:conf=0.4555,bbox=(993,1128,1914,1227),diameter=510.0px | Pothole:conf=0.3072,bbox=(841,535,987,569),diameter=90.0px",None
88,88,3,0,"Pothole:conf=0.6171,bbox=(1156,527,1828,706),diameter=425.5px | Pothole:conf=0.6148,bbox=(50,629,489,783),diameter=296.5px | Pothole:conf=0.4406,bbox=(575,815,794,893),diameter=148.5px",None
89,89,4,0,"Pothole:conf=0.6394,bbox=(540,927,791,1030),diameter=177.0px | Pothole:conf=0.5539,bbox=(446,563,746,667),diameter=202.0px | Pothole:conf=0.5491,bbox=(3,713,441,851),diameter=288.0px | Pothole:conf=0.5108,bbox=(1189,571,1907,748),diameter=447.5px",None
90,90,6,0,"Pothole:conf=0.5252,bbox=(580,480,707,521),diameter=84.0px | Pothole:conf=0.4723,bbox=(375,977,596,1070),diameter=157.0px | Pothole:conf=0.3648,bbox=(1,800,366,933),diameter=249.0px | Pothole:conf=0.3609,bbox=(426,592,744,725),diameter=225.5px | Pothole:conf=0.3546,bbox=(652,1146,1723,1227),diameter=576.0px | Pothole:conf=0.3203,bbox=(1218,605,1910,801),diameter=444.0px",None
91,91,3,0,"Pothole:conf=0.8955,bbox=(428,667,707,758),diameter=185.0px | Pothole:conf=0.5405,bbox=(1269,622,1914,835),diameter=429.0px | Pothole:conf=0.3452,bbox=(3,807,389,908),diameter=243.5px",None
92,92,3,0,"Pothole:conf=0.5837,bbox=(348,705,729,824),diameter=250.0px | Pothole:conf=0.3553,bbox=(1294,657,1914,862),diameter=412.5px | Pothole:conf=0.302,bbox=(2,1031,207,1157),diameter=165.5px",None
93,93,3,0,"Pothole:conf=0.5296,bbox=(1359,670,1913,877),diameter=380.5px | Pothole:conf=0.4721,bbox=(340,721,704,859),diameter=251.0px | Pothole:conf=0.415,bbox=(635,573,869,620),diameter=140.5px",None
94,94,4,0,"Pothole:conf=0.6934,bbox=(230,796,676,938),diameter=294.0px | Pothole:conf=0.5623,bbox=(0,1116,572,1228),diameter=342.0px | Pothole:conf=0.3468,bbox=(1417,700,1912,902),diameter=348.5px | Pothole:conf=0.3454,bbox=(669,591,873,644),diameter=128.5px",None
95,95,3,0,"Pothole:conf=0.8062,bbox=(1463,736,1913,970),diameter=342.0px | Pothole:conf=0.6216,bbox=(177,856,623,1011),diameter=300.5px | Pothole:conf=0.5803,bbox=(585,616,880,679),diameter=179.0px",None
96,96,4,0,"Pothole:conf=0.6033,bbox=(1512,773,1913,1014),diameter=321.0px | Pothole:conf=0.4694,bbox=(236,782,601,916),diameter=249.5px | Pothole:conf=0.4602,bbox=(617,638,881,706),diameter=166.0px | Pothole:conf=0.4137,bbox=(116,1002,577,1118),diameter=288.5px",None
97,97,6,0,"Pothole:conf=0.7349,bbox=(1633,837,1914,1086),diameter=265.0px | Pothole:conf=0.7345,bbox=(208,895,528,1026),diameter=225.5px | Pothole:conf=0.6681,bbox=(824,859,1215,1019),diameter=275.5px | Pothole:conf=0.4972,bbox=(601,675,989,774),diameter=243.5px | Pothole:conf=0.3813,bbox=(898,1135,1914,1228),diameter=554.5px | Pothole:conf=0.3328,bbox=(536,608,644,646),diameter=73.0px",None
98,98,5,0,"Pothole:conf=0.4909,bbox=(172,842,493,983),diameter=231.0px | Pothole:conf=0.4879,bbox=(836,940,1262,1127),diameter=306.5px | Pothole:conf=0.4493,bbox=(611,709,1004,809),diameter=246.5px | Pothole:conf=0.4335,bbox=(1750,920,1914,1117),diameter=180.5px | Pothole:conf=0.409,bbox=(1013,1136,1914,1227),diameter=496.0px",None
99,99,3,0,"Pothole:conf=0.448,bbox=(438,645,620,698),diameter=117.5px | Pothole:conf=0.4118,bbox=(596,756,1003,866),diameter=258.5px | Pothole:conf=0.3293,bbox=(982,1133,1914,1228),diameter=513.5px",None
100,100,2,0,"Pothole:conf=0.5034,bbox=(403,683,598,742),diameter=127.0px | Pothole:conf=0.4589,bbox=(549,805,919,933),diameter=249.0px",None
101,101,4,0,"Pothole:conf=0.6672,bbox=(0,943,177,1064),diameter=149.0px | Pothole:conf=0.6656,bbox=(495,891,924,1032),diameter=285.0px | Pothole:conf=0.5655,bbox=(353,718,570,791),diameter=145.0px | Pothole:conf=0.3938,bbox=(986,1129,1914,1228),diameter=513.5px",None
102,102,3,0,"Pothole:conf=0.5911,bbox=(330,769,563,847),diameter=155.5px | Pothole:conf=0.5902,bbox=(439,910,962,1144),diameter=378.5px | Pothole:conf=0.4877,bbox=(1069,1126,1914,1228),diameter=473.5px",None
103,103,2,0,"Pothole:conf=0.7624,bbox=(221,773,549,930),diameter=242.5px | Pothole:conf=0.3978,bbox=(987,1134,1914,1227),diameter=510.0px",None
104,104,2,0,"Pothole:conf=0.6003,bbox=(176,896,482,1020),diameter=215.0px | Pothole:conf=0.4871,bbox=(980,1128,1914,1227),diameter=516.5px",None
105,105,1,0,"Pothole:conf=0.356,bbox=(989,1130,1914,1227),diameter=511.0px",None
106,106,1,0,"Pothole:conf=0.5202,bbox=(1007,1126,1914,1227),diameter=504.0px",None
107,107,2,0,"Pothole:conf=0.451,bbox=(1058,1128,1914,1228),diameter=478.0px | Pothole:conf=0.3934,bbox=(583,457,737,507),diameter=102.0px",None
108,108,1,0,"Pothole:conf=0.3543,bbox=(582,474,701,523),diameter=84.0px",None
109,109,1,0,"Pothole:conf=0.4621,bbox=(551,473,711,518),diameter=102.5px",None
110,110,0,0,None,None
111,111,0,0,None,None
112,112,0,0,None,None
113,113,3,0,"Pothole:conf=0.5125,bbox=(1001,1129,1914,1227),diameter=505.5px | Pothole:conf=0.3385,bbox=(805,421,919,461),diameter=77.0px | Pothole:conf=0.3086,bbox=(483,515,683,565),diameter=125.0px",None
114,114,1,0,"Pothole:conf=0.4382,bbox=(807,425,914,465),diameter=73.5px",None
115,115,3,0,"Pothole:conf=0.4262,bbox=(810,432,909,466),diameter=66.5px | Pothole:conf=0.3784,bbox=(1168,1137,1913,1228),diameter=418.0px | Pothole:conf=0.3624,bbox=(1070,459,1194,488),diameter=76.5px",None
116,116,2,0,"Pothole:conf=0.4345,bbox=(811,434,914,470),diameter=69.5px | Pothole:conf=0.3823,bbox=(990,1127,1914,1228),diameter=512.5px",None
117,117,2,0,"Pothole:conf=0.5563,bbox=(820,439,937,482),diameter=80.0px | Pothole:conf=0.5072,bbox=(1098,478,1238,506),diameter=84.0px",None
118,118,3,0,"Pothole:conf=0.5046,bbox=(1106,479,1271,520),diameter=103.0px | Pothole:conf=0.4952,bbox=(630,436,718,472),diameter=62.0px | Pothole:conf=0.3358,bbox=(1792,665,1913,789),diameter=122.5px",None
119,119,3,0,"Pothole:conf=0.47,bbox=(625,438,720,479),diameter=68.0px | Pothole:conf=0.3792,bbox=(1132,491,1295,528),diameter=100.0px | Pothole:conf=0.3499,bbox=(0,720,61,799),diameter=70.0px",None
120,120,1,0,"Pothole:conf=0.4377,bbox=(616,447,725,489),diameter=75.5px",None
121,121,3,0,"Pothole:conf=0.8091,bbox=(834,474,957,514),diameter=81.5px | Pothole:conf=0.3634,bbox=(605,456,717,496),diameter=76.0px | Pothole:conf=0.3521,bbox=(1171,512,1364,573),diameter=127.0px",None
122,122,3,0,"Pothole:conf=0.7434,bbox=(839,480,971,527),diameter=89.5px | Pothole:conf=0.7146,bbox=(606,464,709,505),diameter=72.0px | Pothole:conf=0.584,bbox=(1190,526,1409,596),diameter=144.5px",None
123,123,1,0,"Pothole:conf=0.5606,bbox=(1370,852,1589,970),diameter=168.5px",None
124,124,3,0,"Pothole:conf=0.7574,bbox=(586,483,705,528),diameter=82.0px | Pothole:conf=0.6119,bbox=(847,506,1003,559),diameter=104.5px | Pothole:conf=0.5283,bbox=(1262,563,1501,634),diameter=155.0px",None
125,125,3,0,"Pothole:conf=0.8138,bbox=(581,489,706,532),diameter=84.0px | Pothole:conf=0.6897,bbox=(853,518,1006,572),diameter=103.5px | Pothole:conf=0.4342,bbox=(1302,571,1554,644),diameter=162.5px",None
126,126,3,0,"Pothole:conf=0.6668,bbox=(569,507,703,551),diameter=89.0px | Pothole:conf=0.5832,bbox=(1361,593,1650,698),diameter=197.0px | Pothole:conf=0.4062,bbox=(865,530,1053,597),diameter=127.5px",None
127,127,1,0,"Pothole:conf=0.3981,bbox=(549,525,693,564),diameter=91.5px",None
128,128,4,0,"Pothole:conf=0.4597,bbox=(932,1134,1904,1228),diameter=533.0px | Pothole:conf=0.3756,bbox=(880,569,1062,672),diameter=142.5px | Pothole:conf=0.3216,bbox=(1438,621,1835,780),diameter=278.0px | Pothole:conf=0.3055,bbox=(1259,525,1361,567),diameter=72.0px",None
129,129,3,0,"Pothole:conf=0.5106,bbox=(1498,676,1912,836),diameter=287.0px | Pothole:conf=0.3481,bbox=(1294,539,1391,574),diameter=66.0px | Pothole:conf=0.3311,bbox=(880,592,1084,707),diameter=159.5px",None
130,130,2,0,"Pothole:conf=0.5514,bbox=(1588,707,1913,884),diameter=251.0px | Pothole:conf=0.328,bbox=(490,581,666,632),diameter=113.5px",None
131,131,3,0,"Pothole:conf=0.4333,bbox=(1800,828,1913,970),diameter=127.5px | Pothole:conf=0.4179,bbox=(450,621,652,681),diameter=131.0px | Pothole:conf=0.3874,bbox=(908,731,1082,816),diameter=129.5px",None
132,132,3,0,"Pothole:conf=0.3624,bbox=(921,695,1133,780),diameter=148.5px | Pothole:conf=0.3283,bbox=(416,452,658,526),diameter=158.0px | Pothole:conf=0.319,bbox=(392,649,633,723),diameter=157.5px",None
133,133,2,0,"Pothole:conf=0.5974,bbox=(917,880,1167,1017),diameter=193.5px | Pothole:conf=0.4363,bbox=(341,690,624,778),diameter=185.5px",None
134,134,4,0,"Pothole:conf=0.3694,bbox=(441,665,574,713),diameter=90.5px | Pothole:conf=0.3142,bbox=(926,538,1001,567),diameter=52.0px | Pothole:conf=0.308,bbox=(359,469,646,557),diameter=187.5px | Pothole:conf=0.3047,bbox=(932,802,1200,918),diameter=192.0px",None
135,135,3,0,"Pothole:conf=0.6753,bbox=(960,907,1264,1078),diameter=237.5px | Pothole:conf=0.3756,bbox=(379,713,554,779),diameter=120.5px | Pothole:conf=0.3173,bbox=(322,481,630,585),diameter=206.0px",None
136,136,0,0,None,None
137,137,2,0,"Pothole:conf=0.5308,bbox=(1118,423,1315,460),diameter=117.0px | Pothole:conf=0.3315,bbox=(247,493,604,624),diameter=244.0px",None
138,138,5,0,"Pothole:conf=0.6008,bbox=(1141,584,1243,614),diameter=66.0px | Pothole:conf=0.5664,bbox=(1474,932,1911,1191),diameter=348.0px | Pothole:conf=0.5468,bbox=(614,506,716,550),diameter=73.0px | Pothole:conf=0.5252,bbox=(242,590,676,668),diameter=256.0px | Pothole:conf=0.3763,bbox=(492,714,822,833),diameter=224.5px",None
139,139,5,0,"Pothole:conf=0.7155,bbox=(236,621,711,690),diameter=272.0px | Pothole:conf=0.6284,bbox=(953,520,1050,560),diameter=68.5px | Pothole:conf=0.6138,bbox=(472,760,736,880),diameter=192.0px | Pothole:conf=0.5456,bbox=(1601,1010,1913,1192),diameter=247.0px | Pothole:conf=0.3084,bbox=(1078,670,1165,720),diameter=68.5px",None
140,140,4,0,"Pothole:conf=0.8531,bbox=(444,815,730,953),diameter=212.0px | Pothole:conf=0.7975,bbox=(210,625,693,716),diameter=287.0px | Pothole:conf=0.7703,bbox=(969,529,1059,568),diameter=64.5px | Pothole:conf=0.3746,bbox=(1184,613,1294,645),diameter=71.0px",None
141,141,7,0,"Pothole:conf=0.817,bbox=(972,544,1067,580),diameter=65.5px | Pothole:conf=0.8068,bbox=(1201,634,1329,668),diameter=81.0px | Pothole:conf=0.7396,bbox=(363,896,705,1053),diameter=249.5px | Pothole:conf=0.7238,bbox=(311,577,484,625),diameter=110.5px | Pothole:conf=0.4094,bbox=(620,481,732,529),diameter=80.0px | Pothole:conf=0.3443,bbox=(231,779,312,827),diameter=64.5px | Pothole:conf=0.3101,bbox=(1160,1146,1913,1228),diameter=417.5px",None
142,142,7,0,"Pothole:conf=0.8558,bbox=(971,549,1074,595),diameter=74.5px | Pothole:conf=0.855,bbox=(282,952,668,1137),diameter=285.5px | Pothole:conf=0.5463,bbox=(295,850,405,887),diameter=73.5px | Pothole:conf=0.5271,bbox=(86,679,751,798),diameter=392.0px | Pothole:conf=0.4506,bbox=(1228,650,1350,689),diameter=80.5px | Pothole:conf=0.4248,bbox=(1087,1142,1914,1228),diameter=456.5px | Pothole:conf=0.3417,bbox=(617,481,755,544),diameter=100.5px",None
