Serial_Number,Frame_Number,Class,Confidence,BBox,Diameter,Motion_Status
1,1,pothole,0.8,"(964,522,85,40)",62.5,N/A
2,1,pothole,0.7,"(233,616,488,79)",283.5,N/A
3,1,pothole,0.6,"(471,764,262,124)",193.0,N/A
4,1,pothole,0.38,"(838,923,892,291)",591.5,N/A
5,2,pothole,0.83,"(967,533,94,38)",66.0,N/A
6,2,pothole,0.73,"(195,632,518,99)",308.5,N/A
7,2,pothole,0.57,"(410,834,351,163)",257.0,N/A
8,2,pothole,0.57,"(627,478,116,37)",76.5,N/A
9,2,pothole,0.56,"(1187,622,119,30)",74.5,N/A
10,2,pothole,0.42,"(998,1136,916,91)",503.5,N/A
11,2,pothole,0.3,"(0,1123,787,103)",445.0,N/A
12,3,pothole,0.88,"(355,902,333,159)",246.0,N/A
13,3,pothole,0.85,"(969,545,103,41)",72.0,N/A
14,3,pothole,0.76,"(1206,638,124,34)",79.0,N/A
15,3,pothole,0.64,"(163,666,566,94)",330.0,N/A
16,3,pothole,0.36,"(621,482,112,42)",77.0,N/A
17,3,pothole,0.35,"(1155,1145,758,83)",420.5,N/A
18,4,pothole,0.78,"(276,871,112,37)",74.5,N/A
19,4,pothole,0.73,"(972,555,103,48)",75.5,N/A
20,4,pothole,0.68,"(1230,660,130,36)",83.0,N/A
21,4,pothole,0.64,"(261,972,436,190)",313.0,N/A
22,4,pothole,0.63,"(65,691,635,110)",372.5,N/A
23,4,pothole,0.47,"(150,833,84,58)",71.0,N/A
24,4,pothole,0.43,"(622,490,109,62)",85.5,N/A
25,5,pothole,0.8,"(11,718,678,123)",400.5,N/A
26,5,pothole,0.73,"(1200,611,186,33)",109.5,N/A
27,5,pothole,0.58,"(233,605,203,60)",131.5,N/A
28,5,pothole,0.52,"(449,524,229,64)",146.5,N/A
29,5,pothole,0.51,"(0,1041,605,186)",395.5,N/A
30,5,pothole,0.47,"(214,920,134,45)",89.5,N/A
31,5,pothole,0.35,"(1160,1150,752,78)",415.0,N/A
32,6,pothole,0.88,"(974,581,119,48)",83.5,N/A
33,6,pothole,0.67,"(1274,712,160,64)",112.0,N/A
34,6,pothole,0.57,"(590,502,153,44)",98.5,N/A
35,6,pothole,0.53,"(12,762,673,155)",414.0,N/A
36,6,pothole,0.48,"(97,1020,152,48)",100.0,N/A
37,6,pothole,0.47,"(1109,425,117,31)",74.0,N/A
38,6,pothole,0.43,"(1005,1141,909,86)",497.5,N/A
39,6,pothole,0.41,"(305,1028,48,29)",38.5,N/A
40,6,pothole,0.32,"(13,955,78,40)",59.0,N/A
41,7,pothole,0.84,"(1227,646,219,47)",133.0,N/A
42,7,pothole,0.6,"(8,788,654,180)",417.0,N/A
43,7,pothole,0.59,"(118,617,267,118)",192.5,N/A
44,7,pothole,0.56,"(408,536,244,96)",170.0,N/A
45,7,pothole,0.5,"(1217,958,165,75)",120.0,N/A
46,7,pothole,0.37,"(1115,427,114,28)",71.0,N/A
47,8,pothole,0.94,"(1240,547,365,72)",218.5,N/A
48,8,pothole,0.8,"(3,833,646,204)",425.0,N/A
49,8,pothole,0.59,"(991,609,119,56)",87.5,N/A
50,8,pothole,0.51,"(66,628,316,169)",242.5,N/A
51,8,pothole,0.51,"(1119,429,124,29)",76.5,N/A
52,8,pothole,0.38,"(401,547,229,55)",142.0,N/A
53,8,pothole,0.36,"(1313,768,198,77)",137.5,N/A
54,9,pothole,0.93,"(1275,683,245,49)",147.0,N/A
55,9,pothole,0.55,"(5,647,329,135)",232.0,N/A
56,9,pothole,0.55,"(1123,429,126,29)",77.5,N/A
57,9,pothole,0.55,"(512,514,229,59)",144.0,N/A
58,9,pothole,0.37,"(787,476,125,28)",76.5,N/A
59,9,pothole,0.33,"(1014,1136,900,91)",495.5,N/A
60,10,pothole,0.8,"(1423,846,228,92)",160.0,N/A
61,10,pothole,0.72,"(1008,643,138,61)",99.5,N/A
62,10,pothole,0.62,"(466,477,72,32)",52.0,N/A
63,10,pothole,0.52,"(1008,1129,906,98)",502.0,N/A
64,10,pothole,0.49,"(1135,431,127,31)",79.0,N/A
65,10,pothole,0.4,"(1,664,304,164)",234.0,N/A
66,10,pothole,0.36,"(1229,525,450,123)",286.5,N/A
67,11,pothole,0.77,"(1015,533,97,46)",71.5,N/A
68,11,pothole,0.76,"(1285,705,377,127)",252.0,N/A
69,11,pothole,0.54,"(1491,899,295,148)",221.5,N/A
70,11,pothole,0.51,"(0,692,234,179)",206.5,N/A
71,11,pothole,0.45,"(304,588,288,76)",182.0,N/A
72,11,pothole,0.43,"(509,539,169,47)",108.0,N/A
73,11,pothole,0.37,"(997,1137,917,90)",503.5,N/A
74,11,pothole,0.34,"(205,678,1304,540)",922.0,N/A
75,12,pothole,0.83,"(0,734,194,206)",200.0,N/A
76,12,pothole,0.81,"(1360,724,375,152)",263.5,N/A
77,12,pothole,0.79,"(441,495,69,31)",50.0,N/A
78,12,pothole,0.76,"(1549,992,312,137)",224.5,N/A
79,12,pothole,0.64,"(267,602,325,93)",209.0,N/A
80,12,pothole,0.49,"(1149,437,143,40)",91.5,N/A
81,12,pothole,0.43,"(847,1134,1059,93)",576.0,N/A
82,12,pothole,0.4,"(781,494,141,32)",86.5,N/A
83,12,pothole,0.38,"(214,857,116,58)",87.0,N/A
84,13,pothole,0.9,"(1435,840,399,108)",253.5,N/A
85,13,pothole,0.77,"(1319,567,522,166)",344.0,N/A
86,13,pothole,0.6,"(1158,444,148,37)",92.5,N/A
87,13,pothole,0.52,"(547,504,103,38)",70.5,N/A
88,13,pothole,0.5,"(0,838,92,139)",115.5,N/A
89,13,pothole,0.49,"(208,632,376,101)",238.5,N/A
90,13,pothole,0.48,"(415,566,104,42)",73.0,N/A
91,13,pothole,0.48,"(108,955,133,68)",100.5,N/A
92,13,pothole,0.41,"(770,500,156,45)",100.5,N/A
93,14,pothole,0.84,"(1353,624,549,151)",350.0,N/A
94,14,pothole,0.78,"(405,519,78,37)",57.5,N/A
95,14,pothole,0.66,"(1170,449,158,41)",99.5,N/A
96,14,pothole,0.65,"(1490,887,412,175)",293.5,N/A
97,14,pothole,0.62,"(767,522,167,51)",109.0,N/A
98,14,pothole,0.61,"(155,657,390,108)",249.0,N/A
99,14,pothole,0.39,"(1052,776,249,130)",189.5,N/A
100,15,pothole,0.74,"(1382,649,532,168)",350.0,N/A
101,15,pothole,0.73,"(388,527,78,43)",60.5,N/A
102,15,pothole,0.73,"(1040,574,84,47)",65.5,N/A
103,15,pothole,0.7,"(1108,858,234,94)",164.0,N/A
104,15,pothole,0.62,"(657,479,115,38)",76.5,N/A
105,15,pothole,0.61,"(101,695,438,118)",278.0,N/A
106,15,pothole,0.56,"(1591,965,321,201)",261.0,N/A
107,15,pothole,0.39,"(0,582,112,76)",94.0,N/A
108,15,pothole,0.35,"(1172,453,165,46)",105.5,N/A
109,16,pothole,0.87,"(1444,666,469,184)",326.5,N/A
110,16,pothole,0.78,"(48,726,494,126)",310.0,N/A
111,16,pothole,0.73,"(340,620,351,75)",213.0,N/A
112,16,pothole,0.59,"(1111,889,287,150)",218.5,N/A
113,16,pothole,0.52,"(765,544,175,40)",107.5,N/A
114,16,pothole,0.45,"(0,590,85,68)",76.5,N/A
115,16,pothole,0.38,"(1186,458,170,45)",107.5,N/A
116,16,pothole,0.33,"(1018,571,269,120)",194.5,N/A
117,17,pothole,0.72,"(1458,694,455,200)",327.5,N/A
118,17,pothole,0.72,"(297,638,362,87)",224.5,N/A
119,17,pothole,0.7,"(1099,657,122,43)",82.5,N/A
120,17,pothole,0.69,"(756,563,194,52)",123.0,N/A
121,17,pothole,0.65,"(1164,975,312,177)",244.5,N/A
122,17,pothole,0.55,"(24,765,439,142)",290.5,N/A
123,17,pothole,0.47,"(71,1030,232,51)",141.5,N/A
124,17,pothole,0.4,"(1194,464,177,48)",112.5,N/A
125,17,pothole,0.34,"(1776,982,131,45)",88.0,N/A
126,18,pothole,0.89,"(1510,722,402,208)",305.0,N/A
127,18,pothole,0.76,"(3,886,441,130)",285.5,N/A
128,18,pothole,0.63,"(626,491,163,55)",109.0,N/A
129,18,pothole,0.63,"(246,686,373,92)",232.5,N/A
130,18,pothole,0.43,"(1191,469,201,54)",127.5,N/A
131,18,pothole,0.37,"(1105,699,172,56)",114.0,N/A
132,19,pothole,0.83,"(1562,746,352,213)",282.5,N/A
133,19,pothole,0.8,"(204,707,410,109)",259.5,N/A
134,19,pothole,0.79,"(1090,659,112,49)",80.5,N/A
135,19,pothole,0.6,"(1219,473,194,54)",124.0,N/A
136,19,pothole,0.55,"(613,499,129,48)",88.5,N/A
137,19,pothole,0.52,"(1,943,391,149)",270.0,N/A
138,19,pothole,0.42,"(191,534,154,37)",95.5,N/A
139,19,pothole,0.37,"(742,587,242,74)",158.0,N/A
140,19,pothole,0.33,"(1227,959,73,42)",57.5,N/A
141,20,pothole,0.84,"(117,729,483,148)",315.5,N/A
142,20,pothole,0.8,"(0,968,112,75)",93.5,N/A
143,20,pothole,0.72,"(1180,742,166,92)",129.0,N/A
144,20,pothole,0.69,"(1660,770,254,226)",240.0,N/A
145,20,pothole,0.57,"(739,618,251,68)",159.5,N/A
146,20,pothole,0.48,"(1224,480,217,60)",138.5,N/A
147,20,pothole,0.34,"(422,611,148,52)",100.0,N/A
148,20,pothole,0.33,"(630,1143,1046,84)",565.0,N/A
149,21,pothole,0.7,"(1223,791,169,81)",125.0,N/A
150,21,pothole,0.7,"(595,521,179,69)",124.0,N/A
151,21,pothole,0.65,"(737,636,265,70)",167.5,N/A
152,21,pothole,0.54,"(1236,485,222,65)",143.5,N/A
153,21,pothole,0.54,"(1653,706,259,80)",169.5,N/A
154,21,pothole,0.48,"(68,786,500,152)",326.0,N/A
155,21,pothole,0.39,"(218,649,190,45)",117.5,N/A
156,21,pothole,0.38,"(128,551,173,50)",111.5,N/A
157,22,pothole,0.73,"(742,666,291,77)",184.0,N/A
158,22,pothole,0.68,"(1177,748,206,89)",147.5,N/A
159,22,pothole,0.58,"(1254,491,242,67)",154.5,N/A
160,22,pothole,0.58,"(6,850,516,166)",341.0,N/A
161,22,pothole,0.57,"(89,566,199,52)",125.5,N/A
162,22,pothole,0.54,"(1741,735,172,101)",136.5,N/A
163,22,pothole,0.51,"(172,640,381,102)",241.5,N/A
164,22,pothole,0.5,"(672,468,150,37)",93.5,N/A
165,22,pothole,0.4,"(549,1142,1085,85)",585.0,N/A
166,22,pothole,0.33,"(1551,974,288,197)",242.5,N/A
167,23,pothole,0.71,"(1332,907,217,120)",168.5,N/A
168,23,pothole,0.63,"(5,934,486,166)",326.0,N/A
169,23,pothole,0.59,"(737,692,316,93)",204.5,N/A
170,23,pothole,0.52,"(1270,499,260,71)",165.5,N/A
171,23,pothole,0.5,"(669,472,146,36)",91.0,N/A
172,23,pothole,0.5,"(142,671,393,115)",254.0,N/A
173,23,pothole,0.43,"(721,1138,1005,89)",547.0,N/A
174,23,pothole,0.38,"(1807,779,106,76)",91.0,N/A
175,24,pothole,0.75,"(60,708,438,162)",300.0,N/A
176,24,pothole,0.66,"(670,480,152,45)",98.5,N/A
177,24,pothole,0.64,"(730,729,339,104)",221.5,N/A
178,24,pothole,0.58,"(1428,996,237,167)",202.0,N/A
179,24,pothole,0.57,"(1290,507,286,84)",185.0,N/A
180,24,pothole,0.44,"(6,595,226,67)",146.5,N/A
181,24,pothole,0.42,"(1266,736,255,79)",167.0,N/A
182,25,pothole,0.71,"(664,487,138,41)",89.5,N/A
183,25,pothole,0.7,"(1320,925,184,75)",129.5,N/A
184,25,pothole,0.69,"(1303,511,286,84)",185.0,N/A
185,25,pothole,0.53,"(709,710,373,162)",267.5,N/A
186,25,pothole,0.49,"(9,719,473,129)",301.0,N/A
187,25,pothole,0.44,"(896,530,97,44)",70.5,N/A
188,25,pothole,0.31,"(753,1145,1051,82)",566.5,N/A
189,26,pothole,0.8,"(1312,525,323,91)",207.0,N/A
190,26,pothole,0.79,"(2,802,404,141)",272.5,N/A
191,26,pothole,0.66,"(666,795,437,157)",297.0,N/A
192,26,pothole,0.6,"(1376,1004,237,133)",185.0,N/A
193,26,pothole,0.52,"(0,645,134,83)",108.5,N/A
194,26,pothole,0.41,"(606,458,316,89)",202.5,N/A
195,26,pothole,0.31,"(525,643,249,57)",153.0,N/A
196,27,pothole,0.86,"(647,501,170,46)",108.0,N/A
197,27,pothole,0.74,"(1329,531,337,100)",218.5,N/A
198,27,pothole,0.67,"(0,856,362,120)",241.0,N/A
199,27,pothole,0.64,"(641,868,479,156)",317.5,N/A
200,27,pothole,0.6,"(0,658,98,90)",94.0,N/A
201,27,pothole,0.54,"(491,590,236,74)",155.0,N/A
202,27,pothole,0.38,"(1248,702,87,41)",64.0,N/A
203,27,pothole,0.3,"(739,1134,1108,93)",600.5,N/A
204,28,pothole,0.71,"(618,516,211,52)",131.5,N/A
205,28,pothole,0.67,"(643,985,505,130)",317.5,N/A
206,28,pothole,0.65,"(1288,740,89,37)",63.0,N/A
207,28,pothole,0.63,"(461,709,285,77)",181.0,N/A
208,28,pothole,0.6,"(918,577,84,40)",62.0,N/A
209,28,pothole,0.53,"(5,936,288,122)",205.0,N/A
210,29,pothole,0.81,"(1216,888,289,211)",250.0,N/A
211,29,pothole,0.77,"(611,519,210,47)",128.5,N/A
212,29,pothole,0.58,"(1040,679,128,35)",81.5,N/A
213,29,pothole,0.49,"(386,676,358,160)",259.0,N/A
214,29,pothole,0.45,"(0,999,214,121)",167.5,N/A
215,30,pothole,0.65,"(600,528,217,63)",140.0,N/A
216,30,pothole,0.56,"(1361,811,114,49)",81.5,N/A
217,30,pothole,0.42,"(1709,913,176,88)",132.0,N/A
218,30,pothole,0.38,"(367,722,381,153)",267.0,N/A
219,30,pothole,0.35,"(1056,704,151,37)",94.0,N/A
220,31,pothole,0.82,"(1456,896,132,66)",99.0,N/A
221,31,pothole,0.8,"(603,543,212,72)",142.0,N/A
222,31,pothole,0.58,"(398,721,175,79)",127.0,N/A
223,31,pothole,0.49,"(1427,556,450,177)",313.5,N/A
224,31,pothole,0.4,"(1034,1128,880,99)",489.5,N/A
225,31,pothole,0.35,"(924,636,122,51)",86.5,N/A
226,32,pothole,0.75,"(589,557,221,63)",142.0,N/A
227,32,pothole,0.71,"(1439,558,472,208)",340.0,N/A
228,32,pothole,0.61,"(306,708,327,157)",242.0,N/A
229,32,pothole,0.5,"(1019,1134,895,93)",494.0,N/A
230,32,pothole,0.35,"(1081,810,220,65)",142.5,N/A
231,32,pothole,0.35,"(935,664,124,50)",87.0,N/A
232,32,pothole,0.34,"(1085,457,145,39)",92.0,N/A
233,32,pothole,0.31,"(1,1111,769,115)",442.0,N/A
234,33,pothole,0.68,"(248,752,371,174)",272.5,N/A
235,33,pothole,0.52,"(574,571,221,63)",142.0,N/A
236,33,pothole,0.51,"(1462,573,452,227)",339.5,N/A
237,33,pothole,0.49,"(1108,857,239,68)",153.5,N/A
238,33,pothole,0.44,"(1082,1133,831,95)",463.0,N/A
239,33,pothole,0.39,"(1087,461,154,45)",99.5,N/A
240,33,pothole,0.32,"(570,405,238,78)",158.0,N/A
241,34,pothole,0.75,"(720,515,201,54)",127.5,N/A
242,34,pothole,0.74,"(134,820,350,218)",284.0,N/A
243,34,pothole,0.58,"(542,593,245,74)",159.5,N/A
244,34,pothole,0.54,"(1012,1132,902,95)",498.5,N/A
245,34,pothole,0.47,"(942,732,149,61)",105.0,N/A
246,34,pothole,0.39,"(1505,602,408,217)",312.5,N/A
247,34,pothole,0.39,"(1097,473,158,42)",100.0,N/A
248,35,pothole,0.78,"(541,608,245,87)",166.0,N/A
249,35,pothole,0.76,"(1556,617,358,207)",282.5,N/A
250,35,pothole,0.64,"(109,916,475,173)",324.0,N/A
251,35,pothole,0.46,"(947,758,150,55)",102.5,N/A
252,35,pothole,0.43,"(1093,478,137,50)",93.5,N/A
253,35,pothole,0.33,"(921,1134,992,94)",543.0,N/A
254,36,pothole,0.69,"(515,628,273,95)",184.0,N/A
255,36,pothole,0.69,"(697,538,229,62)",145.5,N/A
256,36,pothole,0.56,"(769,729,233,53)",143.0,N/A
257,36,pothole,0.48,"(540,426,277,99)",188.0,N/A
258,36,pothole,0.44,"(0,530,83,82)",82.5,N/A
259,36,pothole,0.36,"(1104,482,163,61)",112.0,N/A
260,36,pothole,0.33,"(1612,634,300,211)",255.5,N/A
261,36,pothole,0.3,"(932,1124,980,104)",542.0,N/A
262,37,pothole,0.8,"(553,474,150,65)",107.5,N/A
263,37,pothole,0.64,"(463,621,346,152)",249.0,N/A
264,37,pothole,0.63,"(680,550,251,69)",160.0,N/A
265,37,pothole,0.37,"(1671,649,241,164)",202.5,N/A
266,37,pothole,0.3,"(989,1130,925,97)",511.0,N/A
267,38,pothole,0.73,"(411,668,398,156)",277.0,N/A
268,38,pothole,0.7,"(688,570,270,81)",175.5,N/A
269,38,pothole,0.6,"(1796,713,117,103)",110.0,N/A
270,38,pothole,0.47,"(1033,1133,881,94)",487.5,N/A
271,38,pothole,0.43,"(1125,497,206,80)",143.0,N/A
272,38,pothole,0.42,"(776,825,284,75)",179.5,N/A
273,39,pothole,0.71,"(397,716,409,143)",276.0,N/A
274,39,pothole,0.65,"(1138,524,141,52)",96.5,N/A
275,39,pothole,0.5,"(703,599,261,72)",166.5,N/A
276,39,pothole,0.45,"(988,1133,926,94)",510.0,N/A
277,39,pothole,0.44,"(1880,758,33,52)",42.5,N/A
278,39,pothole,0.42,"(752,857,367,140)",253.5,N/A
279,39,pothole,0.36,"(472,460,359,117)",238.0,N/A
280,40,pothole,0.78,"(364,775,449,146)",297.5,N/A
281,40,pothole,0.65,"(1148,534,158,61)",109.5,N/A
282,40,pothole,0.54,"(652,563,346,150)",248.0,N/A
283,40,pothole,0.41,"(742,952,426,138)",282.0,N/A
284,40,pothole,0.38,"(990,418,190,38)",114.0,N/A
285,40,pothole,0.37,"(1018,1135,896,92)",494.0,N/A
286,41,pothole,0.81,"(661,628,317,112)",214.5,N/A
287,41,pothole,0.66,"(299,838,514,181)",347.5,N/A
288,41,pothole,0.48,"(993,423,201,36)",118.5,N/A
289,41,pothole,0.39,"(1031,1136,883,91)",487.0,N/A
290,41,pothole,0.37,"(1206,519,190,33)",111.5,N/A
291,42,pothole,0.74,"(629,627,396,139)",267.5,N/A
292,42,pothole,0.58,"(991,424,208,37)",122.5,N/A
293,42,pothole,0.48,"(1232,524,179,31)",105.0,N/A
294,42,pothole,0.47,"(965,1140,940,87)",513.5,N/A
295,42,pothole,0.45,"(251,929,558,150)",354.0,N/A
296,42,pothole,0.41,"(0,1090,831,137)",484.0,N/A
297,43,pothole,0.8,"(994,428,219,41)",130.0,N/A
298,43,pothole,0.8,"(468,544,186,75)",130.5,N/A
299,43,pothole,0.72,"(687,706,299,102)",200.5,N/A
300,43,pothole,0.62,"(1221,575,164,47)",105.5,N/A
301,43,pothole,0.38,"(204,832,197,83)",140.0,N/A
302,43,pothole,0.35,"(1012,1130,902,97)",499.5,N/A
303,44,pothole,0.79,"(680,763,330,105)",217.5,N/A
304,44,pothole,0.79,"(444,557,205,98)",151.5,N/A
305,44,pothole,0.72,"(1001,431,225,43)",134.0,N/A
306,44,pothole,0.5,"(119,905,235,112)",173.5,N/A
307,44,pothole,0.39,"(1591,645,191,59)",125.0,N/A
308,44,pothole,0.37,"(936,1131,973,97)",535.0,N/A
309,45,pothole,0.76,"(1010,433,225,42)",133.5,N/A
310,45,pothole,0.69,"(1278,610,189,50)",119.5,N/A
311,45,pothole,0.65,"(656,795,377,130)",253.5,N/A
312,45,pothole,0.51,"(1646,669,202,60)",131.0,N/A
313,45,pothole,0.45,"(1129,964,182,114)",148.0,N/A
314,45,pothole,0.32,"(393,533,447,193)",320.0,N/A
315,46,pothole,0.66,"(1319,632,197,48)",122.5,N/A
316,46,pothole,0.51,"(1010,434,242,46)",144.0,N/A
317,46,pothole,0.49,"(1721,704,192,71)",131.5,N/A
318,46,pothole,0.49,"(625,851,450,169)",309.5,N/A
319,46,pothole,0.48,"(676,451,179,31)",105.0,N/A
320,46,pothole,0.37,"(984,1139,930,88)",509.0,N/A
321,47,pothole,0.84,"(548,715,290,95)",192.5,N/A
322,47,pothole,0.8,"(613,917,527,187)",357.0,N/A
323,47,pothole,0.54,"(327,566,315,134)",224.5,N/A
324,47,pothole,0.54,"(1812,737,101,58)",79.5,N/A
325,47,pothole,0.49,"(724,447,143,32)",87.5,N/A
326,47,pothole,0.43,"(1014,436,246,54)",150.0,N/A
327,47,pothole,0.3,"(992,1139,922,88)",505.0,N/A
328,48,pothole,0.66,"(738,453,127,28)",77.5,N/A
329,48,pothole,0.63,"(1397,675,234,62)",148.0,N/A
330,48,pothole,0.52,"(497,763,347,109)",228.0,N/A
331,48,pothole,0.51,"(960,736,114,46)",80.0,N/A
332,48,pothole,0.38,"(1026,441,247,48)",147.5,N/A
333,48,pothole,0.37,"(289,600,334,142)",238.0,N/A
334,48,pothole,0.3,"(1183,1153,730,75)",402.5,N/A
335,49,pothole,0.75,"(742,455,131,34)",82.5,N/A
336,49,pothole,0.7,"(261,619,321,149)",235.0,N/A
337,49,pothole,0.67,"(1430,697,266,76)",171.0,N/A
338,49,pothole,0.58,"(460,785,396,138)",267.0,N/A
339,49,pothole,0.51,"(974,772,121,48)",84.5,N/A
340,49,pothole,0.39,"(1032,446,257,47)",152.0,N/A
341,50,pothole,0.74,"(1499,730,276,80)",178.0,N/A
342,50,pothole,0.55,"(428,854,425,152)",288.5,N/A
343,50,pothole,0.49,"(991,823,139,56)",97.5,N/A
344,50,pothole,0.44,"(1036,450,263,44)",153.5,N/A
345,50,pothole,0.41,"(229,649,326,154)",240.0,N/A
346,50,pothole,0.39,"(333,1138,916,89)",502.5,N/A
347,50,pothole,0.33,"(1289,1147,623,81)",352.0,N/A
348,51,pothole,0.83,"(182,719,344,153)",248.5,N/A
349,51,pothole,0.75,"(350,984,533,156)",344.5,N/A
350,51,pothole,0.67,"(1034,916,158,54)",106.0,N/A
351,51,pothole,0.61,"(1568,777,341,106)",223.5,N/A
352,51,pothole,0.49,"(1034,455,292,55)",173.5,N/A
353,52,pothole,0.72,"(138,767,354,183)",268.5,N/A
354,52,pothole,0.47,"(1578,640,335,157)",246.0,N/A
355,52,pothole,0.4,"(961,1128,948,100)",524.0,N/A
356,52,pothole,0.32,"(646,429,312,97)",204.5,N/A
357,53,pothole,0.93,"(69,813,390,222)",306.0,N/A
358,53,pothole,0.35,"(1060,458,294,63)",178.5,N/A
359,53,pothole,0.31,"(639,429,313,101)",207.0,N/A
360,53,pothole,0.31,"(1787,875,127,121)",124.0,N/A
361,53,pothole,0.31,"(761,1128,1121,99)",610.0,N/A
362,54,pothole,0.79,"(0,897,400,215)",307.5,N/A
363,54,pothole,0.67,"(1765,733,148,137)",142.5,N/A
364,54,pothole,0.56,"(1074,461,299,57)",178.0,N/A
365,54,pothole,0.33,"(635,435,317,113)",215.0,N/A
366,55,pothole,0.49,"(1085,468,307,55)",181.0,N/A
367,56,pothole,0.59,"(619,463,364,110)",237.0,N/A
368,56,pothole,0.51,"(1091,471,329,83)",206.0,N/A
369,57,pothole,0.43,"(615,465,384,123)",253.5,N/A
370,57,pothole,0.38,"(1101,477,328,59)",193.5,N/A
371,57,pothole,0.35,"(1086,669,213,63)",138.0,N/A
372,59,pothole,0.49,"(1133,486,348,63)",205.5,N/A
373,59,pothole,0.32,"(1150,1132,763,96)",429.5,N/A
374,60,pothole,0.87,"(694,529,268,81)",174.5,N/A
375,60,pothole,0.63,"(1148,498,385,63)",224.0,N/A
376,60,pothole,0.3,"(1146,1136,768,92)",430.0,N/A
377,61,pothole,0.81,"(695,544,274,68)",171.0,N/A
378,61,pothole,0.68,"(492,620,249,84)",166.5,N/A
379,61,pothole,0.51,"(1174,503,368,65)",216.5,N/A
380,62,pothole,0.58,"(449,650,306,94)",200.0,N/A
381,62,pothole,0.56,"(698,547,279,94)",186.5,N/A
382,62,pothole,0.48,"(1188,502,463,96)",279.5,N/A
383,62,pothole,0.44,"(998,1144,916,83)",499.5,N/A
384,62,pothole,0.32,"(1113,664,142,39)",90.5,N/A
385,63,pothole,0.74,"(696,567,310,103)",206.5,N/A
386,63,pothole,0.73,"(1212,513,488,94)",291.0,N/A
387,63,pothole,0.5,"(523,679,232,102)",167.0,N/A
388,64,pothole,0.71,"(473,728,263,112)",187.5,N/A
389,64,pothole,0.53,"(700,598,316,97)",206.5,N/A
390,65,pothole,0.79,"(688,627,356,111)",233.5,N/A
391,65,pothole,0.72,"(459,790,234,113)",173.5,N/A
392,65,pothole,0.59,"(1259,807,131,43)",87.0,N/A
393,66,pothole,0.74,"(404,899,263,137)",200.0,N/A
394,66,pothole,0.6,"(1254,532,626,139)",382.5,N/A
395,66,pothole,0.59,"(649,646,427,147)",287.0,N/A
396,66,pothole,0.52,"(1355,910,162,50)",106.0,N/A
397,67,pothole,0.63,"(672,714,429,130)",279.5,N/A
398,67,pothole,0.6,"(1315,546,588,156)",372.0,N/A
399,68,pothole,0.6,"(685,806,598,124)",361.0,N/A
400,68,pothole,0.46,"(1334,569,574,182)",378.0,N/A
401,69,pothole,0.74,"(1390,593,523,183)",353.0,N/A
402,69,pothole,0.4,"(922,1132,989,96)",542.5,N/A
403,69,pothole,0.4,"(659,836,772,204)",488.0,N/A
404,69,person,0.3,"(1849,1189,16,31)",N/A,N/A
405,70,pothole,0.76,"(1427,612,485,216)",350.5,N/A
406,70,pothole,0.51,"(1236,809,143,44)",93.5,N/A
407,70,pothole,0.45,"(743,444,72,29)",50.5,N/A
408,71,pothole,0.68,"(1493,643,419,226)",322.5,N/A
409,71,pothole,0.5,"(747,451,69,31)",50.0,N/A
410,71,pothole,0.33,"(1041,424,171,40)",105.5,N/A
411,72,pothole,0.8,"(1561,671,353,244)",298.5,N/A
412,72,pothole,0.58,"(1379,961,189,72)",130.5,N/A
413,72,pothole,0.41,"(728,451,90,34)",62.0,N/A
414,73,pothole,0.56,"(1637,700,276,257)",266.5,N/A
415,73,pothole,0.48,"(736,463,82,33)",57.5,N/A
416,74,pothole,0.7,"(732,472,90,39)",64.5,N/A
417,74,pothole,0.6,"(1783,765,131,209)",170.0,N/A
418,75,pothole,0.87,"(723,477,101,47)",74.0,N/A
419,75,pothole,0.59,"(1142,901,345,221)",283.0,N/A
420,76,pothole,0.57,"(726,488,99,51)",75.0,N/A
421,76,pothole,0.45,"(480,472,120,35)",77.5,N/A
422,77,pothole,0.79,"(460,472,156,53)",104.5,N/A
423,77,pothole,0.54,"(717,500,104,51)",77.5,N/A
424,78,pothole,0.4,"(445,486,132,48)",90.0,N/A
425,78,pothole,0.31,"(710,511,110,53)",81.5,N/A
426,79,pothole,0.52,"(704,526,111,42)",76.5,N/A
427,79,pothole,0.5,"(1109,453,339,89)",214.0,N/A
428,79,pothole,0.41,"(423,493,159,57)",108.0,N/A
429,79,pothole,0.41,"(1068,1136,846,92)",469.0,N/A
430,80,pothole,0.68,"(705,549,105,34)",69.5,N/A
431,80,pothole,0.64,"(391,501,190,66)",128.0,N/A
432,80,pothole,0.46,"(1116,463,358,79)",218.5,N/A
433,81,pothole,0.8,"(689,560,123,47)",85.0,N/A
434,81,pothole,0.3,"(1019,1128,895,99)",497.0,N/A
435,81,truck,0.31,"(364,481,217,105)",N/A,Unknown
436,82,pothole,0.59,"(1126,482,433,87)",260.0,N/A
437,82,pothole,0.58,"(659,579,147,55)",101.0,N/A
438,82,pothole,0.55,"(335,525,221,85)",153.0,N/A
439,82,pothole,0.31,"(1236,1143,678,85)",381.5,N/A
440,83,pothole,0.83,"(670,608,144,58)",101.0,N/A
441,83,pothole,0.7,"(314,542,204,96)",150.0,N/A
442,83,pothole,0.59,"(1122,490,467,103)",285.0,N/A
443,84,pothole,0.83,"(292,552,226,95)",160.5,N/A
444,84,pothole,0.74,"(1160,491,467,118)",292.5,N/A
445,84,pothole,0.74,"(571,500,228,48)",138.0,N/A
446,84,pothole,0.62,"(1045,1124,869,103)",486.0,N/A
447,85,pothole,0.72,"(234,579,308,110)",209.0,N/A
448,85,pothole,0.71,"(540,523,227,53)",140.0,N/A
449,85,pothole,0.7,"(649,685,151,51)",101.0,N/A
450,85,pothole,0.49,"(1089,1134,825,94)",459.5,N/A
451,85,pothole,0.32,"(1115,507,574,130)",352.0,N/A
452,86,pothole,0.86,"(516,540,229,56)",142.5,N/A
453,86,pothole,0.77,"(186,621,236,74)",155.0,N/A
454,86,pothole,0.72,"(623,731,179,56)",117.5,N/A
455,86,pothole,0.5,"(1080,1134,834,94)",464.0,N/A
456,86,pothole,0.47,"(0,806,138,110)",124.0,N/A
457,87,pothole,0.7,"(128,628,359,122)",240.5,N/A
458,87,pothole,0.67,"(557,764,243,85)",164.0,N/A
459,87,pothole,0.46,"(993,1128,921,99)",510.0,N/A
460,87,pothole,0.31,"(841,535,146,34)",90.0,N/A
461,88,pothole,0.62,"(1156,527,672,179)",425.5,N/A
462,88,pothole,0.61,"(50,629,439,154)",296.5,N/A
463,88,pothole,0.44,"(575,815,219,78)",148.5,N/A
464,89,pothole,0.64,"(540,927,251,103)",177.0,N/A
465,89,pothole,0.55,"(446,563,300,104)",202.0,N/A
466,89,pothole,0.55,"(3,713,438,138)",288.0,N/A
467,89,pothole,0.51,"(1189,571,718,177)",447.5,N/A
468,90,pothole,0.53,"(580,480,127,41)",84.0,N/A
469,90,pothole,0.47,"(375,977,221,93)",157.0,N/A
470,90,pothole,0.36,"(1,800,365,133)",249.0,N/A
471,90,pothole,0.36,"(426,592,318,133)",225.5,N/A
472,90,pothole,0.35,"(652,1146,1071,81)",576.0,N/A
473,90,pothole,0.32,"(1218,605,692,196)",444.0,N/A
474,91,pothole,0.9,"(428,667,279,91)",185.0,N/A
475,91,pothole,0.54,"(1269,622,645,213)",429.0,N/A
476,91,pothole,0.35,"(3,807,386,101)",243.5,N/A
477,92,pothole,0.58,"(348,705,381,119)",250.0,N/A
478,92,pothole,0.36,"(1294,657,620,205)",412.5,N/A
479,92,pothole,0.3,"(2,1031,205,126)",165.5,N/A
480,93,pothole,0.53,"(1359,670,554,207)",380.5,N/A
481,93,pothole,0.47,"(340,721,364,138)",251.0,N/A
482,93,pothole,0.41,"(635,573,234,47)",140.5,N/A
483,94,pothole,0.69,"(230,796,446,142)",294.0,N/A
484,94,pothole,0.56,"(0,1116,572,112)",342.0,N/A
485,94,pothole,0.35,"(1417,700,495,202)",348.5,N/A
486,94,pothole,0.35,"(669,591,204,53)",128.5,N/A
487,95,pothole,0.81,"(1463,736,450,234)",342.0,N/A
488,95,pothole,0.62,"(177,856,446,155)",300.5,N/A
489,95,pothole,0.58,"(585,616,295,63)",179.0,N/A
490,96,pothole,0.6,"(1512,773,401,241)",321.0,N/A
491,96,pothole,0.47,"(236,782,365,134)",249.5,N/A
492,96,pothole,0.46,"(617,638,264,68)",166.0,N/A
493,96,pothole,0.41,"(116,1002,461,116)",288.5,N/A
494,97,pothole,0.73,"(1633,837,281,249)",265.0,N/A
495,97,pothole,0.73,"(208,895,320,131)",225.5,N/A
496,97,pothole,0.67,"(824,859,391,160)",275.5,N/A
497,97,pothole,0.5,"(601,675,388,99)",243.5,N/A
498,97,pothole,0.38,"(898,1135,1016,93)",554.5,N/A
499,97,pothole,0.33,"(536,608,108,38)",73.0,N/A
500,98,pothole,0.49,"(172,842,321,141)",231.0,N/A
501,98,pothole,0.49,"(836,940,426,187)",306.5,N/A
502,98,pothole,0.45,"(611,709,393,100)",246.5,N/A
503,98,pothole,0.43,"(1750,920,164,197)",180.5,N/A
504,98,pothole,0.41,"(1013,1136,901,91)",496.0,N/A
505,99,pothole,0.45,"(438,645,182,53)",117.5,N/A
506,99,pothole,0.41,"(596,756,407,110)",258.5,N/A
507,99,pothole,0.33,"(982,1133,932,95)",513.5,N/A
508,100,pothole,0.5,"(403,683,195,59)",127.0,N/A
509,100,pothole,0.46,"(549,805,370,128)",249.0,N/A
510,101,pothole,0.67,"(0,943,177,121)",149.0,N/A
511,101,pothole,0.67,"(495,891,429,141)",285.0,N/A
512,101,pothole,0.57,"(353,718,217,73)",145.0,N/A
513,101,pothole,0.39,"(986,1129,928,99)",513.5,N/A
514,102,pothole,0.59,"(330,769,233,78)",155.5,N/A
515,102,pothole,0.59,"(439,910,523,234)",378.5,N/A
516,102,pothole,0.49,"(1069,1126,845,102)",473.5,N/A
517,103,pothole,0.76,"(221,773,328,157)",242.5,N/A
518,103,pothole,0.4,"(987,1134,927,93)",510.0,N/A
519,104,pothole,0.6,"(176,896,306,124)",215.0,N/A
520,104,pothole,0.49,"(980,1128,934,99)",516.5,N/A
521,105,pothole,0.36,"(989,1130,925,97)",511.0,N/A
522,106,pothole,0.52,"(1007,1126,907,101)",504.0,N/A
523,107,pothole,0.45,"(1058,1128,856,100)",478.0,N/A
524,107,pothole,0.39,"(583,457,154,50)",102.0,N/A
525,108,pothole,0.35,"(582,474,119,49)",84.0,N/A
526,109,pothole,0.46,"(551,473,160,45)",102.5,N/A
527,113,pothole,0.51,"(1001,1129,913,98)",505.5,N/A
528,113,pothole,0.34,"(805,421,114,40)",77.0,N/A
529,113,pothole,0.31,"(483,515,200,50)",125.0,N/A
530,114,pothole,0.44,"(807,425,107,40)",73.5,N/A
531,115,pothole,0.43,"(810,432,99,34)",66.5,N/A
532,115,pothole,0.38,"(1168,1137,745,91)",418.0,N/A
533,115,pothole,0.36,"(1070,459,124,29)",76.5,N/A
534,116,pothole,0.43,"(811,434,103,36)",69.5,N/A
535,116,pothole,0.38,"(990,1127,924,101)",512.5,N/A
536,117,pothole,0.56,"(820,439,117,43)",80.0,N/A
537,117,pothole,0.51,"(1098,478,140,28)",84.0,N/A
538,118,pothole,0.5,"(1106,479,165,41)",103.0,N/A
539,118,pothole,0.5,"(630,436,88,36)",62.0,N/A
540,118,pothole,0.34,"(1792,665,121,124)",122.5,N/A
541,119,pothole,0.47,"(625,438,95,41)",68.0,N/A
542,119,pothole,0.38,"(1132,491,163,37)",100.0,N/A
543,119,pothole,0.35,"(0,720,61,79)",70.0,N/A
544,120,pothole,0.44,"(616,447,109,42)",75.5,N/A
545,121,pothole,0.81,"(834,474,123,40)",81.5,N/A
546,121,pothole,0.36,"(605,456,112,40)",76.0,N/A
547,121,pothole,0.35,"(1171,512,193,61)",127.0,N/A
548,122,pothole,0.74,"(839,480,132,47)",89.5,N/A
549,122,pothole,0.71,"(606,464,103,41)",72.0,N/A
550,122,pothole,0.58,"(1190,526,219,70)",144.5,N/A
551,123,pothole,0.56,"(1370,852,219,118)",168.5,N/A
552,124,pothole,0.76,"(586,483,119,45)",82.0,N/A
553,124,pothole,0.61,"(847,506,156,53)",104.5,N/A
554,124,pothole,0.53,"(1262,563,239,71)",155.0,N/A
555,125,pothole,0.81,"(581,489,125,43)",84.0,N/A
556,125,pothole,0.69,"(853,518,153,54)",103.5,N/A
557,125,pothole,0.43,"(1302,571,252,73)",162.5,N/A
558,126,pothole,0.67,"(569,507,134,44)",89.0,N/A
559,126,pothole,0.58,"(1361,593,289,105)",197.0,N/A
560,126,pothole,0.41,"(865,530,188,67)",127.5,N/A
561,127,pothole,0.4,"(549,525,144,39)",91.5,N/A
562,128,pothole,0.46,"(932,1134,972,94)",533.0,N/A
563,128,pothole,0.38,"(880,569,182,103)",142.5,N/A
564,128,pothole,0.32,"(1438,621,397,159)",278.0,N/A
565,128,pothole,0.31,"(1259,525,102,42)",72.0,N/A
566,129,pothole,0.51,"(1498,676,414,160)",287.0,N/A
567,129,pothole,0.35,"(1294,539,97,35)",66.0,N/A
568,129,pothole,0.33,"(880,592,204,115)",159.5,N/A
569,130,pothole,0.55,"(1588,707,325,177)",251.0,N/A
570,130,pothole,0.33,"(490,581,176,51)",113.5,N/A
571,131,pothole,0.43,"(1800,828,113,142)",127.5,N/A
572,131,pothole,0.42,"(450,621,202,60)",131.0,N/A
573,131,pothole,0.39,"(908,731,174,85)",129.5,N/A
574,132,pothole,0.36,"(921,695,212,85)",148.5,N/A
575,132,pothole,0.33,"(416,452,242,74)",158.0,N/A
576,132,pothole,0.32,"(392,649,241,74)",157.5,N/A
577,133,pothole,0.6,"(917,880,250,137)",193.5,N/A
578,133,pothole,0.44,"(341,690,283,88)",185.5,N/A
579,134,pothole,0.37,"(441,665,133,48)",90.5,N/A
580,134,pothole,0.31,"(926,538,75,29)",52.0,N/A
581,134,pothole,0.31,"(359,469,287,88)",187.5,N/A
582,134,pothole,0.3,"(932,802,268,116)",192.0,N/A
583,135,pothole,0.68,"(960,907,304,171)",237.5,N/A
584,135,pothole,0.38,"(379,713,175,66)",120.5,N/A
585,135,pothole,0.32,"(322,481,308,104)",206.0,N/A
586,137,pothole,0.53,"(1118,423,197,37)",117.0,N/A
587,137,pothole,0.33,"(247,493,357,131)",244.0,N/A
588,138,pothole,0.6,"(1141,584,102,30)",66.0,N/A
589,138,pothole,0.57,"(1474,932,437,259)",348.0,N/A
590,138,pothole,0.55,"(614,506,102,44)",73.0,N/A
591,138,pothole,0.53,"(242,590,434,78)",256.0,N/A
592,138,pothole,0.38,"(492,714,330,119)",224.5,N/A
593,139,pothole,0.72,"(236,621,475,69)",272.0,N/A
594,139,pothole,0.63,"(953,520,97,40)",68.5,N/A
595,139,pothole,0.61,"(472,760,264,120)",192.0,N/A
596,139,pothole,0.55,"(1601,1010,312,182)",247.0,N/A
597,139,pothole,0.31,"(1078,670,87,50)",68.5,N/A
598,140,pothole,0.85,"(444,815,286,138)",212.0,N/A
599,140,pothole,0.8,"(210,625,483,91)",287.0,N/A
600,140,pothole,0.77,"(969,529,90,39)",64.5,N/A
601,140,pothole,0.37,"(1184,613,110,32)",71.0,N/A
602,141,pothole,0.82,"(972,544,95,36)",65.5,N/A
603,141,pothole,0.81,"(1201,634,128,34)",81.0,N/A
604,141,pothole,0.74,"(363,896,342,157)",249.5,N/A
605,141,pothole,0.72,"(311,577,173,48)",110.5,N/A
606,141,pothole,0.41,"(620,481,112,48)",80.0,N/A
607,141,pothole,0.34,"(231,779,81,48)",64.5,N/A
608,141,pothole,0.31,"(1160,1146,753,82)",417.5,N/A
609,142,pothole,0.86,"(971,549,103,46)",74.5,N/A
610,142,pothole,0.85,"(282,952,386,185)",285.5,N/A
611,142,pothole,0.55,"(295,850,110,37)",73.5,N/A
612,142,pothole,0.53,"(86,679,665,119)",392.0,N/A
613,142,pothole,0.45,"(1228,650,122,39)",80.5,N/A
614,142,pothole,0.42,"(1087,1142,827,86)",456.5,N/A
615,142,pothole,0.34,"(617,481,138,63)",100.5,N/A
